Skill,Level,Resource,Platform,Type
Accuracy,Beginner,YouTube Free Tutorials,YouTube,Free
Accuracy,Intermediate,Udemy Skill Course,Udemy,Paid
Accuracy,Advanced,Coursera Specialization,Coursera,Paid
Adobe Photoshop,Beginner,YouTube Free Tutorials,YouTube,Free
Adobe Photoshop,Intermediate,Udemy Skill Course,Udemy,Paid
Adobe Photoshop,Advanced,Coursera Specialization,Coursera,Paid
Aesthetics,Beginner,YouTube Free Tutorials,YouTube,Free
Aesthetics,Intermediate,Udemy Skill Course,Udemy,Paid
Aesthetics,Advanced,Coursera Specialization,Coursera,Paid
Alterations,Beginner,YouTube Free Tutorials,YouTube,Free
Alterations,Intermediate,Udemy Skill Course,Udemy,Paid
Alterations,Advanced,Coursera Specialization,Coursera,Paid
Analytics,Beginner,YouTube Free Tutorials,YouTube,Free
Analytics,Intermediate,Udemy Skill Course,Udemy,Paid
Analytics,Advanced,Coursera Specialization,Coursera,Paid
Assessments,Beginner,YouTube Free Tutorials,YouTube,Free
Assessments,Intermediate,Udemy Skill Course,Udemy,Paid
Assessments,Advanced,Coursera Specialization,Coursera,Paid
Attention to Detail,Beginner,YouTube Free Tutorials,YouTube,Free
Attention to Detail,Intermediate,Udemy Skill Course,Udemy,Paid
Attention to Detail,Advanced,Coursera Specialization,Coursera,Paid
Ayurvedic Diagnosis,Beginner,YouTube Free Tutorials,YouTube,Free
Ayurvedic Diagnosis,Intermediate,Udemy Skill Course,Udemy,Paid
Ayurvedic Diagnosis,Advanced,Coursera Specialization,Coursera,Paid
Baking,Beginner,YouTube Free Tutorials,YouTube,Free
Baking,Intermediate,Udemy Skill Course,Udemy,Paid
Baking,Advanced,Coursera Specialization,Coursera,Paid
Beadwork,Beginner,YouTube Free Tutorials,YouTube,Free
Beadwork,Intermediate,Udemy Skill Course,Udemy,Paid
Beadwork,Advanced,Coursera Specialization,Coursera,Paid
Branding,Beginner,YouTube Free Tutorials,YouTube,Free
Branding,Intermediate,Udemy Skill Course,Udemy,Paid
Branding,Advanced,Coursera Specialization,Coursera,Paid
Budget Management,Beginner,YouTube Free Tutorials,YouTube,Free
Budget Management,Intermediate,Udemy Skill Course,Udemy,Paid
Budget Management,Advanced,Coursera Specialization,Coursera,Paid
Budgeting,Beginner,YouTube Free Tutorials,YouTube,Free
Budgeting,Intermediate,Udemy Skill Course,Udemy,Paid
Budgeting,Advanced,Coursera Specialization,Coursera,Paid
Camera Handling,Beginner,YouTube Free Tutorials,YouTube,Free
Camera Handling,Intermediate,Udemy Skill Course,Udemy,Paid
Camera Handling,Advanced,Coursera Specialization,Coursera,Paid
Child Development,Beginner,YouTube Free Tutorials,YouTube,Free
Child Development,Intermediate,Udemy Skill Course,Udemy,Paid
Child Development,Advanced,Coursera Specialization,Coursera,Paid
Choreography,Beginner,YouTube Free Tutorials,YouTube,Free
Choreography,Intermediate,Udemy Skill Course,Udemy,Paid
Choreography,Advanced,Coursera Specialization,Coursera,Paid
Cleaning Techniques,Beginner,YouTube Free Tutorials,YouTube,Free
Cleaning Techniques,Intermediate,Udemy Skill Course,Udemy,Paid
Cleaning Techniques,Advanced,Coursera Specialization,Coursera,Paid
Color Coordination,Beginner,YouTube Free Tutorials,YouTube,Free
Color Coordination,Intermediate,Udemy Skill Course,Udemy,Paid
Color Coordination,Advanced,Coursera Specialization,Coursera,Paid
Communication,Beginner,YouTube Free Tutorials,YouTube,Free
Communication,Intermediate,Udemy Skill Course,Udemy,Paid
Communication,Advanced,Coursera Specialization,Coursera,Paid
Composition,Beginner,YouTube Free Tutorials,YouTube,Free
Composition,Intermediate,Udemy Skill Course,Udemy,Paid
Composition,Advanced,Coursera Specialization,Coursera,Paid
Composting,Beginner,YouTube Free Tutorials,YouTube,Free
Composting,Intermediate,Udemy Skill Course,Udemy,Paid
Composting,Advanced,Coursera Specialization,Coursera,Paid
Consultation,Beginner,YouTube Free Tutorials,YouTube,Free
Consultation,Intermediate,Udemy Skill Course,Udemy,Paid
Consultation,Advanced,Coursera Specialization,Coursera,Paid
Content Creation,Beginner,YouTube Free Tutorials,YouTube,Free
Content Creation,Intermediate,Udemy Skill Course,Udemy,Paid
Content Creation,Advanced,Coursera Specialization,Coursera,Paid
Content Strategy,Beginner,YouTube Free Tutorials,YouTube,Free
Content Strategy,Intermediate,Udemy Skill Course,Udemy,Paid
Content Strategy,Advanced,Coursera Specialization,Coursera,Paid
Cooking,Beginner,YouTube Free Tutorials,YouTube,Free
Cooking,Intermediate,Udemy Skill Course,Udemy,Paid
Cooking,Advanced,Coursera Specialization,Coursera,Paid
Copywriting,Beginner,YouTube Free Tutorials,YouTube,Free
Copywriting,Intermediate,Udemy Skill Course,Udemy,Paid
Copywriting,Advanced,Coursera Specialization,Coursera,Paid
Creative Designing,Beginner,YouTube Free Tutorials,YouTube,Free
Creative Designing,Intermediate,Udemy Skill Course,Udemy,Paid
Creative Designing,Advanced,Coursera Specialization,Coursera,Paid
Creativity,Beginner,YouTube Free Tutorials,YouTube,Free
Creativity,Intermediate,Udemy Skill Course,Udemy,Paid
Creativity,Advanced,Coursera Specialization,Coursera,Paid
Crochet,Beginner,YouTube Free Tutorials,YouTube,Free
Crochet,Intermediate,Udemy Skill Course,Udemy,Paid
Crochet,Advanced,Coursera Specialization,Coursera,Paid
Crocheting,Beginner,YouTube Free Tutorials,YouTube,Free
Crocheting,Intermediate,Udemy Skill Course,Udemy,Paid
Crocheting,Advanced,Coursera Specialization,Coursera,Paid
Curriculum Planning,Beginner,YouTube Free Tutorials,YouTube,Free
Curriculum Planning,Intermediate,Udemy Skill Course,Udemy,Paid
Curriculum Planning,Advanced,Coursera Specialization,Coursera,Paid
Customer Handling,Beginner,YouTube Free Tutorials,YouTube,Free
Customer Handling,Intermediate,Udemy Skill Course,Udemy,Paid
Customer Handling,Advanced,Coursera Specialization,Coursera,Paid
Customer Interaction,Beginner,YouTube Free Tutorials,YouTube,Free
Customer Interaction,Intermediate,Udemy Skill Course,Udemy,Paid
Customer Interaction,Advanced,Coursera Specialization,Coursera,Paid
Customer Service,Beginner,YouTube Free Tutorials,YouTube,Free
Customer Service,Intermediate,Udemy Skill Course,Udemy,Paid
Customer Service,Advanced,Coursera Specialization,Coursera,Paid
Data Processing,Beginner,YouTube Free Tutorials,YouTube,Free
Data Processing,Intermediate,Udemy Skill Course,Udemy,Paid
Data Processing,Advanced,Coursera Specialization,Coursera,Paid
Decoration,Beginner,YouTube Free Tutorials,YouTube,Free
Decoration,Intermediate,Udemy Skill Course,Udemy,Paid
Decoration,Advanced,Coursera Specialization,Coursera,Paid
Decoration Skills,Beginner,YouTube Free Tutorials,YouTube,Free
Decoration Skills,Intermediate,Udemy Skill Course,Udemy,Paid
Decoration Skills,Advanced,Coursera Specialization,Coursera,Paid
Designing,Beginner,YouTube Free Tutorials,YouTube,Free
Designing,Intermediate,Udemy Skill Course,Udemy,Paid
Designing,Advanced,Coursera Specialization,Coursera,Paid
Diet Planning,Beginner,YouTube Free Tutorials,YouTube,Free
Diet Planning,Intermediate,Udemy Skill Course,Udemy,Paid
Diet Planning,Advanced,Coursera Specialization,Coursera,Paid
Digital Marketing,Beginner,YouTube Free Tutorials,YouTube,Free
Digital Marketing,Intermediate,Udemy Skill Course,Udemy,Paid
Digital Marketing,Advanced,Coursera Specialization,Coursera,Paid
E-learning Platforms,Beginner,YouTube Free Tutorials,YouTube,Free
E-learning Platforms,Intermediate,Udemy Skill Course,Udemy,Paid
E-learning Platforms,Advanced,Coursera Specialization,Coursera,Paid
Editing,Beginner,YouTube Free Tutorials,YouTube,Free
Editing,Intermediate,Udemy Skill Course,Udemy,Paid
Editing,Advanced,Coursera Specialization,Coursera,Paid
Embroidery,Beginner,YouTube Free Tutorials,YouTube,Free
Embroidery,Intermediate,Udemy Skill Course,Udemy,Paid
Embroidery,Advanced,Coursera Specialization,Coursera,Paid
"Embroidery,Stiching",Beginner,YouTube Free Tutorials,YouTube,Free
"Embroidery,Stiching",Intermediate,Udemy Skill Course,Udemy,Paid
"Embroidery,Stiching",Advanced,Coursera Specialization,Coursera,Paid
Engagement Tactics,Beginner,YouTube Free Tutorials,YouTube,Free
Engagement Tactics,Intermediate,Udemy Skill Course,Udemy,Paid
Engagement Tactics,Advanced,Coursera Specialization,Coursera,Paid
Exercise Science,Beginner,YouTube Free Tutorials,YouTube,Free
Exercise Science,Intermediate,Udemy Skill Course,Udemy,Paid
Exercise Science,Advanced,Coursera Specialization,Coursera,Paid
Fabric Selection,Beginner,YouTube Free Tutorials,YouTube,Free
Fabric Selection,Intermediate,Udemy Skill Course,Udemy,Paid
Fabric Selection,Advanced,Coursera Specialization,Coursera,Paid
Fermentation,Beginner,YouTube Free Tutorials,YouTube,Free
Fermentation,Intermediate,Udemy Skill Course,Udemy,Paid
Fermentation,Advanced,Coursera Specialization,Coursera,Paid
First Aid,Beginner,YouTube Free Tutorials,YouTube,Free
First Aid,Intermediate,Udemy Skill Course,Udemy,Paid
First Aid,Advanced,Coursera Specialization,Coursera,Paid
Fluency Development,Beginner,YouTube Free Tutorials,YouTube,Free
Fluency Development,Intermediate,Udemy Skill Course,Udemy,Paid
Fluency Development,Advanced,Coursera Specialization,Coursera,Paid
Food Packaging,Beginner,YouTube Free Tutorials,YouTube,Free
Food Packaging,Intermediate,Udemy Skill Course,Udemy,Paid
Food Packaging,Advanced,Coursera Specialization,Coursera,Paid
Food Safety,Beginner,YouTube Free Tutorials,YouTube,Free
Food Safety,Intermediate,Udemy Skill Course,Udemy,Paid
Food Safety,Advanced,Coursera Specialization,Coursera,Paid
Fragrance Mixing,Beginner,YouTube Free Tutorials,YouTube,Free
Fragrance Mixing,Intermediate,Udemy Skill Course,Udemy,Paid
Fragrance Mixing,Advanced,Coursera Specialization,Coursera,Paid
Furniture Arrangement,Beginner,YouTube Free Tutorials,YouTube,Free
Furniture Arrangement,Intermediate,Udemy Skill Course,Udemy,Paid
Furniture Arrangement,Advanced,Coursera Specialization,Coursera,Paid
Grammar,Beginner,YouTube Free Tutorials,YouTube,Free
Grammar,Intermediate,Udemy Skill Course,Udemy,Paid
Grammar,Advanced,Coursera Specialization,Coursera,Paid
Graphic Design,Beginner,YouTube Free Tutorials,YouTube,Free
Graphic Design,Intermediate,Udemy Skill Course,Udemy,Paid
Graphic Design,Advanced,Coursera Specialization,Coursera,Paid
Hair Styling,Beginner,YouTube Free Tutorials,YouTube,Free
Hair Styling,Intermediate,Udemy Skill Course,Udemy,Paid
Hair Styling,Advanced,Coursera Specialization,Coursera,Paid
Hand Embroidery,Beginner,YouTube Free Tutorials,YouTube,Free
Hand Embroidery,Intermediate,Udemy Skill Course,Udemy,Paid
Hand Embroidery,Advanced,Coursera Specialization,Coursera,Paid
Handcrafting,Beginner,YouTube Free Tutorials,YouTube,Free
Handcrafting,Intermediate,Udemy Skill Course,Udemy,Paid
Handcrafting,Advanced,Coursera Specialization,Coursera,Paid
Harvesting,Beginner,YouTube Free Tutorials,YouTube,Free
Harvesting,Intermediate,Udemy Skill Course,Udemy,Paid
Harvesting,Advanced,Coursera Specialization,Coursera,Paid
Herbal Knowledge,Beginner,YouTube Free Tutorials,YouTube,Free
Herbal Knowledge,Intermediate,Udemy Skill Course,Udemy,Paid
Herbal Knowledge,Advanced,Coursera Specialization,Coursera,Paid
Holistic Healing,Beginner,YouTube Free Tutorials,YouTube,Free
Holistic Healing,Intermediate,Udemy Skill Course,Udemy,Paid
Holistic Healing,Advanced,Coursera Specialization,Coursera,Paid
Home Repairs,Beginner,YouTube Free Tutorials,YouTube,Free
Home Repairs,Intermediate,Udemy Skill Course,Udemy,Paid
Home Repairs,Advanced,Coursera Specialization,Coursera,Paid
Illustrator,Beginner,YouTube Free Tutorials,YouTube,Free
Illustrator,Intermediate,Udemy Skill Course,Udemy,Paid
Illustrator,Advanced,Coursera Specialization,Coursera,Paid
Inventory Management,Beginner,YouTube Free Tutorials,YouTube,Free
Inventory Management,Intermediate,Udemy Skill Course,Udemy,Paid
Inventory Management,Advanced,Coursera Specialization,Coursera,Paid
Jewelry Crafting,Beginner,YouTube Free Tutorials,YouTube,Free
Jewelry Crafting,Intermediate,Udemy Skill Course,Udemy,Paid
Jewelry Crafting,Advanced,Coursera Specialization,Coursera,Paid
Knitting,Beginner,YouTube Free Tutorials,YouTube,Free
Knitting,Intermediate,Udemy Skill Course,Udemy,Paid
Knitting,Advanced,Coursera Specialization,Coursera,Paid
Landscaping,Beginner,YouTube Free Tutorials,YouTube,Free
Landscaping,Intermediate,Udemy Skill Course,Udemy,Paid
Landscaping,Advanced,Coursera Specialization,Coursera,Paid
Lead Generation,Beginner,YouTube Free Tutorials,YouTube,Free
Lead Generation,Intermediate,Udemy Skill Course,Udemy,Paid
Lead Generation,Advanced,Coursera Specialization,Coursera,Paid
Lesson Planning,Beginner,YouTube Free Tutorials,YouTube,Free
Lesson Planning,Intermediate,Udemy Skill Course,Udemy,Paid
Lesson Planning,Advanced,Coursera Specialization,Coursera,Paid
Lighting,Beginner,YouTube Free Tutorials,YouTube,Free
Lighting,Intermediate,Udemy Skill Course,Udemy,Paid
Lighting,Advanced,Coursera Specialization,Coursera,Paid
MS Excel,Beginner,YouTube Free Tutorials,YouTube,Free
MS Excel,Intermediate,Udemy Skill Course,Udemy,Paid
MS Excel,Advanced,Coursera Specialization,Coursera,Paid
Makeup,Beginner,YouTube Free Tutorials,YouTube,Free
Makeup,Intermediate,Udemy Skill Course,Udemy,Paid
Makeup,Advanced,Coursera Specialization,Coursera,Paid
Makeup Application,Beginner,YouTube Free Tutorials,YouTube,Free
Makeup Application,Intermediate,Udemy Skill Course,Udemy,Paid
Makeup Application,Advanced,Coursera Specialization,Coursera,Paid
Market Analysis,Beginner,YouTube Free Tutorials,YouTube,Free
Market Analysis,Intermediate,Udemy Skill Course,Udemy,Paid
Market Analysis,Advanced,Coursera Specialization,Coursera,Paid
Marketing,Beginner,YouTube Free Tutorials,YouTube,Free
Marketing,Intermediate,Udemy Skill Course,Udemy,Paid
Marketing,Advanced,Coursera Specialization,Coursera,Paid
Material Sourcing,Beginner,YouTube Free Tutorials,YouTube,Free
Material Sourcing,Intermediate,Udemy Skill Course,Udemy,Paid
Material Sourcing,Advanced,Coursera Specialization,Coursera,Paid
Mehendi Application,Beginner,YouTube Free Tutorials,YouTube,Free
Mehendi Application,Intermediate,Udemy Skill Course,Udemy,Paid
Mehendi Application,Advanced,Coursera Specialization,Coursera,Paid
Menu Planning,Beginner,YouTube Free Tutorials,YouTube,Free
Menu Planning,Intermediate,Udemy Skill Course,Udemy,Paid
Menu Planning,Advanced,Coursera Specialization,Coursera,Paid
Metal Engraving,Beginner,YouTube Free Tutorials,YouTube,Free
Metal Engraving,Intermediate,Udemy Skill Course,Udemy,Paid
Metal Engraving,Advanced,Coursera Specialization,Coursera,Paid
Molding,Beginner,YouTube Free Tutorials,YouTube,Free
Molding,Intermediate,Udemy Skill Course,Udemy,Paid
Molding,Advanced,Coursera Specialization,Coursera,Paid
Motivation,Beginner,YouTube Free Tutorials,YouTube,Free
Motivation,Intermediate,Udemy Skill Course,Udemy,Paid
Motivation,Advanced,Coursera Specialization,Coursera,Paid
Musical Instruments,Beginner,YouTube Free Tutorials,YouTube,Free
Musical Instruments,Intermediate,Udemy Skill Course,Udemy,Paid
Musical Instruments,Advanced,Coursera Specialization,Coursera,Paid
Negotiation,Beginner,YouTube Free Tutorials,YouTube,Free
Negotiation,Intermediate,Udemy Skill Course,Udemy,Paid
Negotiation,Advanced,Coursera Specialization,Coursera,Paid
Organic Farming,Beginner,YouTube Free Tutorials,YouTube,Free
Organic Farming,Intermediate,Udemy Skill Course,Udemy,Paid
Organic Farming,Advanced,Coursera Specialization,Coursera,Paid
Organization,Beginner,YouTube Free Tutorials,YouTube,Free
Organization,Intermediate,Udemy Skill Course,Udemy,Paid
Organization,Advanced,Coursera Specialization,Coursera,Paid
Packaging,Beginner,YouTube Free Tutorials,YouTube,Free
Packaging,Intermediate,Udemy Skill Course,Udemy,Paid
Packaging,Advanced,Coursera Specialization,Coursera,Paid
Painting,Beginner,YouTube Free Tutorials,YouTube,Free
Painting,Intermediate,Udemy Skill Course,Udemy,Paid
Painting,Advanced,Coursera Specialization,Coursera,Paid
Patience,Beginner,YouTube Free Tutorials,YouTube,Free
Patience,Intermediate,Udemy Skill Course,Udemy,Paid
Patience,Advanced,Coursera Specialization,Coursera,Paid
Pattern Making,Beginner,YouTube Free Tutorials,YouTube,Free
Pattern Making,Intermediate,Udemy Skill Course,Udemy,Paid
Pattern Making,Advanced,Coursera Specialization,Coursera,Paid
Pest Control,Beginner,YouTube Free Tutorials,YouTube,Free
Pest Control,Intermediate,Udemy Skill Course,Udemy,Paid
Pest Control,Advanced,Coursera Specialization,Coursera,Paid
Pest Management,Beginner,YouTube Free Tutorials,YouTube,Free
Pest Management,Intermediate,Udemy Skill Course,Udemy,Paid
Pest Management,Advanced,Coursera Specialization,Coursera,Paid
Photography,Beginner,YouTube Free Tutorials,YouTube,Free
Photography,Intermediate,Udemy Skill Course,Udemy,Paid
Photography,Advanced,Coursera Specialization,Coursera,Paid
Pickling Techniques,Beginner,YouTube Free Tutorials,YouTube,Free
Pickling Techniques,Intermediate,Udemy Skill Course,Udemy,Paid
Pickling Techniques,Advanced,Coursera Specialization,Coursera,Paid
Plant Care,Beginner,YouTube Free Tutorials,YouTube,Free
Plant Care,Intermediate,Udemy Skill Course,Udemy,Paid
Plant Care,Advanced,Coursera Specialization,Coursera,Paid
Posture Correction,Beginner,YouTube Free Tutorials,YouTube,Free
Posture Correction,Intermediate,Udemy Skill Course,Udemy,Paid
Posture Correction,Advanced,Coursera Specialization,Coursera,Paid
Product Formulation,Beginner,YouTube Free Tutorials,YouTube,Free
Product Formulation,Intermediate,Udemy Skill Course,Udemy,Paid
Product Formulation,Advanced,Coursera Specialization,Coursera,Paid
Product Knowledge,Beginner,YouTube Free Tutorials,YouTube,Free
Product Knowledge,Intermediate,Udemy Skill Course,Udemy,Paid
Product Knowledge,Advanced,Coursera Specialization,Coursera,Paid
Product Sourcing,Beginner,YouTube Free Tutorials,YouTube,Free
Product Sourcing,Intermediate,Udemy Skill Course,Udemy,Paid
Product Sourcing,Advanced,Coursera Specialization,Coursera,Paid
Pronunciation,Beginner,YouTube Free Tutorials,YouTube,Free
Pronunciation,Intermediate,Udemy Skill Course,Udemy,Paid
Pronunciation,Advanced,Coursera Specialization,Coursera,Paid
Public Speaking,Beginner,YouTube Free Tutorials,YouTube,Free
Public Speaking,Intermediate,Udemy Skill Course,Udemy,Paid
Public Speaking,Advanced,Coursera Specialization,Coursera,Paid
Research,Beginner,YouTube Free Tutorials,YouTube,Free
Research,Intermediate,Udemy Skill Course,Udemy,Paid
Research,Advanced,Coursera Specialization,Coursera,Paid
Resin Art,Beginner,YouTube Free Tutorials,YouTube,Free
Resin Art,Intermediate,Udemy Skill Course,Udemy,Paid
Resin Art,Advanced,Coursera Specialization,Coursera,Paid
Rhythm,Beginner,YouTube Free Tutorials,YouTube,Free
Rhythm,Intermediate,Udemy Skill Course,Udemy,Paid
Rhythm,Advanced,Coursera Specialization,Coursera,Paid
SEO,Beginner,YouTube Free Tutorials,YouTube,Free
SEO,Intermediate,Udemy Skill Course,Udemy,Paid
SEO,Advanced,Coursera Specialization,Coursera,Paid
Sanitation,Beginner,YouTube Free Tutorials,YouTube,Free
Sanitation,Intermediate,Udemy Skill Course,Udemy,Paid
Sanitation,Advanced,Coursera Specialization,Coursera,Paid
Seed Selection,Beginner,YouTube Free Tutorials,YouTube,Free
Seed Selection,Intermediate,Udemy Skill Course,Udemy,Paid
Seed Selection,Advanced,Coursera Specialization,Coursera,Paid
Sewing,Beginner,YouTube Free Tutorials,YouTube,Free
Sewing,Intermediate,Udemy Skill Course,Udemy,Paid
Sewing,Advanced,Coursera Specialization,Coursera,Paid
Skin Analysis,Beginner,YouTube Free Tutorials,YouTube,Free
Skin Analysis,Intermediate,Udemy Skill Course,Udemy,Paid
Skin Analysis,Advanced,Coursera Specialization,Coursera,Paid
Skincare Knowledge,Beginner,YouTube Free Tutorials,YouTube,Free
Skincare Knowledge,Intermediate,Udemy Skill Course,Udemy,Paid
Skincare Knowledge,Advanced,Coursera Specialization,Coursera,Paid
Soap Formulation,Beginner,YouTube Free Tutorials,YouTube,Free
Soap Formulation,Intermediate,Udemy Skill Course,Udemy,Paid
Soap Formulation,Advanced,Coursera Specialization,Coursera,Paid
Social Media,Beginner,YouTube Free Tutorials,YouTube,Free
Social Media,Intermediate,Udemy Skill Course,Udemy,Paid
Social Media,Advanced,Coursera Specialization,Coursera,Paid
Social Media Marketing,Beginner,YouTube Free Tutorials,YouTube,Free
Social Media Marketing,Intermediate,Udemy Skill Course,Udemy,Paid
Social Media Marketing,Advanced,Coursera Specialization,Coursera,Paid
Soil Management,Beginner,YouTube Free Tutorials,YouTube,Free
Soil Management,Intermediate,Udemy Skill Course,Udemy,Paid
Soil Management,Advanced,Coursera Specialization,Coursera,Paid
Soil Testing,Beginner,YouTube Free Tutorials,YouTube,Free
Soil Testing,Intermediate,Udemy Skill Course,Udemy,Paid
Soil Testing,Advanced,Coursera Specialization,Coursera,Paid
Space Planning,Beginner,YouTube Free Tutorials,YouTube,Free
Space Planning,Intermediate,Udemy Skill Course,Udemy,Paid
Space Planning,Advanced,Coursera Specialization,Coursera,Paid
Spice Blending,Beginner,YouTube Free Tutorials,YouTube,Free
Spice Blending,Intermediate,Udemy Skill Course,Udemy,Paid
Spice Blending,Advanced,Coursera Specialization,Coursera,Paid
Storytelling,Beginner,YouTube Free Tutorials,YouTube,Free
Storytelling,Intermediate,Udemy Skill Course,Udemy,Paid
Storytelling,Advanced,Coursera Specialization,Coursera,Paid
Student Engagement,Beginner,YouTube Free Tutorials,YouTube,Free
Student Engagement,Intermediate,Udemy Skill Course,Udemy,Paid
Student Engagement,Advanced,Coursera Specialization,Coursera,Paid
Subject Expertise,Beginner,YouTube Free Tutorials,YouTube,Free
Subject Expertise,Intermediate,Udemy Skill Course,Udemy,Paid
Subject Expertise,Advanced,Coursera Specialization,Coursera,Paid
Teaching,Beginner,YouTube Free Tutorials,YouTube,Free
Teaching,Intermediate,Udemy Skill Course,Udemy,Paid
Teaching,Advanced,Coursera Specialization,Coursera,Paid
Time Management,Beginner,YouTube Free Tutorials,YouTube,Free
Time Management,Intermediate,Udemy Skill Course,Udemy,Paid
Time Management,Advanced,Coursera Specialization,Coursera,Paid
Typing Speed,Beginner,YouTube Free Tutorials,YouTube,Free
Typing Speed,Intermediate,Udemy Skill Course,Udemy,Paid
Typing Speed,Advanced,Coursera Specialization,Coursera,Paid
Typography,Beginner,YouTube Free Tutorials,YouTube,Free
Typography,Intermediate,Udemy Skill Course,Udemy,Paid
Typography,Advanced,Coursera Specialization,Coursera,Paid
Vendor Coordination,Beginner,YouTube Free Tutorials,YouTube,Free
Vendor Coordination,Intermediate,Udemy Skill Course,Udemy,Paid
Vendor Coordination,Advanced,Coursera Specialization,Coursera,Paid
Video Creation,Beginner,YouTube Free Tutorials,YouTube,Free
Video Creation,Intermediate,Udemy Skill Course,Udemy,Paid
Video Creation,Advanced,Coursera Specialization,Coursera,Paid
Video Editing,Beginner,YouTube Free Tutorials,YouTube,Free
Video Editing,Intermediate,Udemy Skill Course,Udemy,Paid
Video Editing,Advanced,Coursera Specialization,Coursera,Paid
Vocal Training,Beginner,YouTube Free Tutorials,YouTube,Free
Vocal Training,Intermediate,Udemy Skill Course,Udemy,Paid
Vocal Training,Advanced,Coursera Specialization,Coursera,Paid
Wax Handling,Beginner,YouTube Free Tutorials,YouTube,Free
Wax Handling,Intermediate,Udemy Skill Course,Udemy,Paid
Wax Handling,Advanced,Coursera Specialization,Coursera,Paid
Writing,Beginner,YouTube Free Tutorials,YouTube,Free
Writing,Intermediate,Udemy Skill Course,Udemy,Paid
Writing,Advanced,Coursera Specialization,Coursera,Paid
Yoga Techniques,Beginner,YouTube Free Tutorials,YouTube,Free
Yoga Techniques,Intermediate,Udemy Skill Course,Udemy,Paid
Yoga Techniques,Advanced,Coursera Specialization,Coursera,Paid
