Skill_Category,Beginner_Level,Intermediate_Level,Advanced_Level,Duration,Earning_Potential_Post_Learning
Finance,Python Basics,Entrepreneurship Course,Motion Design Masterclass,1.5 years,$40K-$100K
Tech,Etsy Selling,Holistic Coaching,Motion Design Masterclass,1.5 years,$60K-$200K
Wellness,Startup Basics,Holistic Coaching,Wealth Management,1 year,$70K-$250K
Wellness,Nutrition,Web Dev Bootcamp,Advanced Dietetics,6 months,$50K-$150K
Wellness,Python Basics,Web Dev Bootcamp,Wealth Management,1 year,$50K-$150K
Business,Budgeting,Photoshop & Illustrator,Advanced Dietetics,1.5 years,$70K-$250K
Business,Public Speaking,Holistic Coaching,Wealth Management,1.5 years,$70K-$250K
Business,Budgeting,Holistic Coaching,AI/ML Specialization,6 months,$50K-$150K
Business,Python Basics,Entrepreneurship Course,Wealth Management,1 year,$40K-$100K
Finance,Budgeting,Photoshop & Illustrator,Wealth Management,6 months,$40K-$100K
E-Commerce,Nutrition,Web Dev Bootcamp,MBA & Growth Hacking,6 months,$60K-$200K
Creative,Python Basics,Holistic Coaching,Advanced Dietetics,6 months,$70K-$250K
Business,Nutrition,Entrepreneurship Course,MBA & Growth Hacking,1 year,$50K-$150K
Business,Python Basics,Photoshop & Illustrator,AI/ML Specialization,1 year,$60K-$200K
Health,Etsy Selling,Investment Strategies,MBA & Growth Hacking,1 year,$40K-$100K
Social Impact,Budgeting,Web Dev Bootcamp,AI/ML Specialization,1 year,$70K-$250K
Business,Nutrition,Entrepreneurship Course,AI/ML Specialization,1 year,$50K-$150K
Finance,Budgeting,Web Dev Bootcamp,Wealth Management,6 months,$50K-$150K
Tech,Etsy Selling,Photoshop & Illustrator,Wealth Management,1 year,$70K-$250K
Finance,Etsy Selling,Photoshop & Illustrator,Wealth Management,2 years,$40K-$100K
Social Impact,Budgeting,Investment Strategies,Wealth Management,1 year,$50K-$150K
Creative,Public Speaking,Entrepreneurship Course,Motion Design Masterclass,2 years,$70K-$250K
Health,Python Basics,Holistic Coaching,Motion Design Masterclass,6 months,$40K-$100K
Education,Public Speaking,Entrepreneurship Course,MBA & Growth Hacking,1.5 years,$40K-$100K
Wellness,Startup Basics,Entrepreneurship Course,MBA & Growth Hacking,1 year,$40K-$100K
Education,Budgeting,Entrepreneurship Course,MBA & Growth Hacking,6 months,$60K-$200K
Education,Etsy Selling,Photoshop & Illustrator,Motion Design Masterclass,1 year,$50K-$150K
Creative,Startup Basics,Investment Strategies,MBA & Growth Hacking,1.5 years,$40K-$100K
E-Commerce,Python Basics,Holistic Coaching,Advanced Dietetics,2 years,$40K-$100K
Education,Sketching,Photoshop & Illustrator,Wealth Management,1 year,$70K-$250K
Creative,Public Speaking,Web Dev Bootcamp,Advanced Dietetics,1.5 years,$40K-$100K
E-Commerce,Startup Basics,Entrepreneurship Course,Advanced Dietetics,1 year,$50K-$150K
Wellness,Python Basics,Entrepreneurship Course,MBA & Growth Hacking,1 year,$50K-$150K
Education,Public Speaking,Photoshop & Illustrator,Wealth Management,6 months,$40K-$100K
Creative,Startup Basics,Investment Strategies,AI/ML Specialization,6 months,$40K-$100K
Health,Public Speaking,Photoshop & Illustrator,Motion Design Masterclass,6 months,$60K-$200K
Creative,Etsy Selling,Entrepreneurship Course,Wealth Management,2 years,$70K-$250K
Health,Budgeting,Entrepreneurship Course,MBA & Growth Hacking,1 year,$50K-$150K
Social Impact,Nutrition,Holistic Coaching,Motion Design Masterclass,1.5 years,$70K-$250K
Education,Public Speaking,Holistic Coaching,AI/ML Specialization,2 years,$60K-$200K
Business,Etsy Selling,Web Dev Bootcamp,Motion Design Masterclass,1 year,$50K-$150K
Wellness,Nutrition,Web Dev Bootcamp,AI/ML Specialization,6 months,$40K-$100K
Finance,Startup Basics,Entrepreneurship Course,Wealth Management,2 years,$40K-$100K
Tech,Budgeting,Web Dev Bootcamp,Motion Design Masterclass,6 months,$50K-$150K
Health,Budgeting,Photoshop & Illustrator,Advanced Dietetics,1 year,$50K-$150K
Tech,Sketching,Investment Strategies,Motion Design Masterclass,1.5 years,$70K-$250K
Finance,Startup Basics,Photoshop & Illustrator,Advanced Dietetics,2 years,$70K-$250K
Tech,Python Basics,Web Dev Bootcamp,MBA & Growth Hacking,1.5 years,$70K-$250K
Finance,Startup Basics,Photoshop & Illustrator,Wealth Management,6 months,$70K-$250K
Education,Budgeting,Investment Strategies,Wealth Management,6 months,$70K-$250K
Education,Budgeting,Photoshop & Illustrator,Wealth Management,2 years,$60K-$200K
Social Impact,Nutrition,Holistic Coaching,Motion Design Masterclass,6 months,$70K-$250K
E-Commerce,Python Basics,Holistic Coaching,AI/ML Specialization,1.5 years,$40K-$100K
Business,Sketching,Investment Strategies,Wealth Management,1 year,$40K-$100K
Tech,Budgeting,Holistic Coaching,Wealth Management,6 months,$50K-$150K
Tech,Python Basics,Web Dev Bootcamp,MBA & Growth Hacking,1 year,$70K-$250K
Health,Python Basics,Holistic Coaching,Wealth Management,1.5 years,$40K-$100K
Business,Sketching,Photoshop & Illustrator,AI/ML Specialization,2 years,$70K-$250K
Tech,Nutrition,Entrepreneurship Course,MBA & Growth Hacking,1.5 years,$60K-$200K
Finance,Budgeting,Entrepreneurship Course,AI/ML Specialization,2 years,$70K-$250K
Wellness,Python Basics,Holistic Coaching,Advanced Dietetics,1 year,$50K-$150K
Wellness,Budgeting,Entrepreneurship Course,MBA & Growth Hacking,6 months,$40K-$100K
Education,Startup Basics,Investment Strategies,Wealth Management,1 year,$70K-$250K
Tech,Sketching,Holistic Coaching,AI/ML Specialization,2 years,$40K-$100K
Business,Startup Basics,Investment Strategies,Wealth Management,6 months,$70K-$250K
Wellness,Startup Basics,Investment Strategies,Wealth Management,1.5 years,$50K-$150K
Health,Sketching,Investment Strategies,MBA & Growth Hacking,6 months,$40K-$100K
Tech,Python Basics,Investment Strategies,Wealth Management,1.5 years,$70K-$250K
Health,Public Speaking,Holistic Coaching,Wealth Management,1.5 years,$40K-$100K
Business,Etsy Selling,Holistic Coaching,AI/ML Specialization,2 years,$40K-$100K
Business,Python Basics,Investment Strategies,Motion Design Masterclass,2 years,$50K-$150K
Creative,Sketching,Photoshop & Illustrator,MBA & Growth Hacking,2 years,$70K-$250K
E-Commerce,Nutrition,Holistic Coaching,Motion Design Masterclass,1 year,$50K-$150K
Social Impact,Public Speaking,Web Dev Bootcamp,Wealth Management,2 years,$40K-$100K
Wellness,Startup Basics,Investment Strategies,MBA & Growth Hacking,6 months,$60K-$200K
Education,Etsy Selling,Entrepreneurship Course,AI/ML Specialization,1 year,$50K-$150K
Tech,Public Speaking,Entrepreneurship Course,Wealth Management,1 year,$60K-$200K
E-Commerce,Python Basics,Entrepreneurship Course,Wealth Management,1.5 years,$40K-$100K
Finance,Etsy Selling,Investment Strategies,MBA & Growth Hacking,6 months,$40K-$100K
Health,Startup Basics,Holistic Coaching,Wealth Management,6 months,$60K-$200K
Social Impact,Sketching,Web Dev Bootcamp,Advanced Dietetics,1.5 years,$60K-$200K
Finance,Startup Basics,Entrepreneurship Course,Advanced Dietetics,1.5 years,$70K-$250K
Creative,Python Basics,Holistic Coaching,Advanced Dietetics,1.5 years,$40K-$100K
Social Impact,Sketching,Investment Strategies,Wealth Management,6 months,$60K-$200K
Education,Python Basics,Entrepreneurship Course,Wealth Management,1.5 years,$70K-$250K
Tech,Nutrition,Holistic Coaching,AI/ML Specialization,1.5 years,$60K-$200K
Business,Nutrition,Photoshop & Illustrator,AI/ML Specialization,2 years,$70K-$250K
Finance,Etsy Selling,Holistic Coaching,Motion Design Masterclass,1 year,$70K-$250K
Tech,Sketching,Investment Strategies,MBA & Growth Hacking,6 months,$40K-$100K
Finance,Startup Basics,Investment Strategies,Advanced Dietetics,2 years,$40K-$100K
Finance,Budgeting,Holistic Coaching,Advanced Dietetics,1.5 years,$70K-$250K
Tech,Budgeting,Investment Strategies,Wealth Management,1 year,$70K-$250K
Education,Nutrition,Web Dev Bootcamp,Motion Design Masterclass,6 months,$40K-$100K
E-Commerce,Python Basics,Holistic Coaching,MBA & Growth Hacking,6 months,$70K-$250K
Business,Public Speaking,Holistic Coaching,Wealth Management,6 months,$70K-$250K
Business,Etsy Selling,Web Dev Bootcamp,AI/ML Specialization,6 months,$70K-$250K
Finance,Nutrition,Web Dev Bootcamp,Motion Design Masterclass,1.5 years,$70K-$250K
Creative,Public Speaking,Web Dev Bootcamp,Wealth Management,2 years,$50K-$150K
Wellness,Sketching,Holistic Coaching,Wealth Management,1.5 years,$70K-$250K
Health,Python Basics,Web Dev Bootcamp,Motion Design Masterclass,1.5 years,$40K-$100K
Creative,Python Basics,Web Dev Bootcamp,Wealth Management,1.5 years,$70K-$250K
Health,Python Basics,Entrepreneurship Course,Advanced Dietetics,1.5 years,$40K-$100K
Creative,Python Basics,Photoshop & Illustrator,Advanced Dietetics,6 months,$40K-$100K
Social Impact,Sketching,Entrepreneurship Course,Wealth Management,6 months,$50K-$150K
Health,Budgeting,Entrepreneurship Course,MBA & Growth Hacking,6 months,$40K-$100K
Wellness,Sketching,Photoshop & Illustrator,AI/ML Specialization,1.5 years,$50K-$150K
Finance,Etsy Selling,Investment Strategies,MBA & Growth Hacking,1 year,$40K-$100K
Social Impact,Startup Basics,Entrepreneurship Course,Motion Design Masterclass,1.5 years,$40K-$100K
Health,Nutrition,Web Dev Bootcamp,AI/ML Specialization,2 years,$70K-$250K
Wellness,Nutrition,Web Dev Bootcamp,MBA & Growth Hacking,1 year,$60K-$200K
Wellness,Public Speaking,Investment Strategies,AI/ML Specialization,6 months,$70K-$250K
Creative,Etsy Selling,Web Dev Bootcamp,Motion Design Masterclass,1 year,$40K-$100K
Creative,Sketching,Photoshop & Illustrator,AI/ML Specialization,1 year,$40K-$100K
Creative,Budgeting,Entrepreneurship Course,AI/ML Specialization,1 year,$40K-$100K
Wellness,Budgeting,Holistic Coaching,MBA & Growth Hacking,1.5 years,$50K-$150K
Health,Nutrition,Investment Strategies,Wealth Management,6 months,$70K-$250K
E-Commerce,Startup Basics,Entrepreneurship Course,MBA & Growth Hacking,1.5 years,$50K-$150K
E-Commerce,Nutrition,Web Dev Bootcamp,AI/ML Specialization,6 months,$60K-$200K
Business,Startup Basics,Entrepreneurship Course,AI/ML Specialization,1 year,$60K-$200K
E-Commerce,Etsy Selling,Web Dev Bootcamp,Wealth Management,1 year,$40K-$100K
Education,Budgeting,Web Dev Bootcamp,Motion Design Masterclass,6 months,$70K-$250K
Tech,Nutrition,Entrepreneurship Course,MBA & Growth Hacking,6 months,$60K-$200K
Social Impact,Etsy Selling,Web Dev Bootcamp,Wealth Management,6 months,$40K-$100K
Wellness,Nutrition,Entrepreneurship Course,AI/ML Specialization,1 year,$70K-$250K
Health,Nutrition,Web Dev Bootcamp,Wealth Management,6 months,$70K-$250K
Tech,Budgeting,Holistic Coaching,Wealth Management,1 year,$70K-$250K
Health,Public Speaking,Web Dev Bootcamp,MBA & Growth Hacking,1 year,$50K-$150K
Finance,Python Basics,Investment Strategies,Wealth Management,1.5 years,$60K-$200K
Tech,Etsy Selling,Investment Strategies,Wealth Management,1 year,$40K-$100K
Business,Nutrition,Photoshop & Illustrator,Motion Design Masterclass,1.5 years,$50K-$150K
Health,Python Basics,Entrepreneurship Course,Wealth Management,6 months,$50K-$150K
Wellness,Sketching,Photoshop & Illustrator,MBA & Growth Hacking,1 year,$60K-$200K
Business,Sketching,Investment Strategies,MBA & Growth Hacking,2 years,$40K-$100K
Health,Etsy Selling,Photoshop & Illustrator,Advanced Dietetics,6 months,$40K-$100K
Wellness,Startup Basics,Photoshop & Illustrator,Motion Design Masterclass,6 months,$60K-$200K
Business,Nutrition,Web Dev Bootcamp,AI/ML Specialization,1.5 years,$70K-$250K
Business,Sketching,Photoshop & Illustrator,MBA & Growth Hacking,6 months,$70K-$250K
Wellness,Public Speaking,Holistic Coaching,Wealth Management,1 year,$40K-$100K
Wellness,Nutrition,Investment Strategies,Motion Design Masterclass,1.5 years,$70K-$250K
Health,Public Speaking,Investment Strategies,Wealth Management,1.5 years,$40K-$100K
Education,Nutrition,Web Dev Bootcamp,Motion Design Masterclass,2 years,$40K-$100K
Business,Startup Basics,Investment Strategies,MBA & Growth Hacking,2 years,$60K-$200K
Finance,Nutrition,Entrepreneurship Course,MBA & Growth Hacking,6 months,$70K-$250K
Education,Sketching,Entrepreneurship Course,MBA & Growth Hacking,1 year,$50K-$150K
Creative,Budgeting,Web Dev Bootcamp,Advanced Dietetics,2 years,$40K-$100K
Business,Nutrition,Photoshop & Illustrator,Advanced Dietetics,2 years,$50K-$150K
Business,Python Basics,Investment Strategies,MBA & Growth Hacking,6 months,$40K-$100K
Tech,Python Basics,Photoshop & Illustrator,Advanced Dietetics,1 year,$40K-$100K
Finance,Public Speaking,Entrepreneurship Course,AI/ML Specialization,6 months,$50K-$150K
Finance,Python Basics,Investment Strategies,Motion Design Masterclass,1 year,$70K-$250K
Finance,Budgeting,Web Dev Bootcamp,Motion Design Masterclass,1 year,$50K-$150K
E-Commerce,Startup Basics,Web Dev Bootcamp,MBA & Growth Hacking,2 years,$70K-$250K
Health,Python Basics,Entrepreneurship Course,Wealth Management,6 months,$60K-$200K
Health,Sketching,Investment Strategies,AI/ML Specialization,1.5 years,$40K-$100K
Social Impact,Sketching,Holistic Coaching,Wealth Management,1.5 years,$70K-$250K
Wellness,Etsy Selling,Photoshop & Illustrator,Wealth Management,6 months,$60K-$200K
Education,Budgeting,Entrepreneurship Course,Motion Design Masterclass,1.5 years,$40K-$100K
Business,Nutrition,Entrepreneurship Course,AI/ML Specialization,1 year,$40K-$100K
Wellness,Public Speaking,Photoshop & Illustrator,Motion Design Masterclass,2 years,$70K-$250K
Social Impact,Public Speaking,Holistic Coaching,MBA & Growth Hacking,6 months,$70K-$250K
Education,Sketching,Photoshop & Illustrator,Advanced Dietetics,2 years,$70K-$250K
Finance,Budgeting,Photoshop & Illustrator,Advanced Dietetics,2 years,$40K-$100K
Education,Nutrition,Holistic Coaching,Wealth Management,6 months,$40K-$100K
Social Impact,Nutrition,Entrepreneurship Course,Motion Design Masterclass,6 months,$40K-$100K
Social Impact,Nutrition,Holistic Coaching,Advanced Dietetics,6 months,$40K-$100K
Business,Etsy Selling,Holistic Coaching,Wealth Management,1 year,$60K-$200K
Tech,Budgeting,Holistic Coaching,Advanced Dietetics,1.5 years,$40K-$100K
Tech,Python Basics,Web Dev Bootcamp,Wealth Management,1.5 years,$60K-$200K
Wellness,Python Basics,Investment Strategies,Advanced Dietetics,6 months,$70K-$250K
Wellness,Budgeting,Investment Strategies,Advanced Dietetics,1.5 years,$40K-$100K
Wellness,Etsy Selling,Photoshop & Illustrator,Wealth Management,2 years,$50K-$150K
Social Impact,Budgeting,Entrepreneurship Course,MBA & Growth Hacking,1.5 years,$70K-$250K
Tech,Nutrition,Photoshop & Illustrator,AI/ML Specialization,1 year,$40K-$100K
Business,Sketching,Holistic Coaching,Advanced Dietetics,2 years,$70K-$250K
Creative,Sketching,Investment Strategies,AI/ML Specialization,6 months,$50K-$150K
Health,Nutrition,Web Dev Bootcamp,AI/ML Specialization,1.5 years,$70K-$250K
Wellness,Startup Basics,Entrepreneurship Course,Motion Design Masterclass,6 months,$70K-$250K
E-Commerce,Nutrition,Investment Strategies,Motion Design Masterclass,2 years,$60K-$200K
Education,Etsy Selling,Investment Strategies,Advanced Dietetics,6 months,$40K-$100K
Tech,Budgeting,Web Dev Bootcamp,Advanced Dietetics,6 months,$70K-$250K
Business,Startup Basics,Entrepreneurship Course,Motion Design Masterclass,2 years,$50K-$150K
Social Impact,Sketching,Holistic Coaching,Wealth Management,1 year,$50K-$150K
Social Impact,Nutrition,Holistic Coaching,Wealth Management,6 months,$50K-$150K
E-Commerce,Nutrition,Investment Strategies,Motion Design Masterclass,6 months,$40K-$100K
Creative,Python Basics,Holistic Coaching,Motion Design Masterclass,1 year,$60K-$200K
Social Impact,Sketching,Web Dev Bootcamp,Wealth Management,6 months,$70K-$250K
Health,Etsy Selling,Photoshop & Illustrator,AI/ML Specialization,6 months,$40K-$100K
Tech,Etsy Selling,Holistic Coaching,AI/ML Specialization,1 year,$70K-$250K
Business,Nutrition,Investment Strategies,Advanced Dietetics,2 years,$60K-$200K
Social Impact,Nutrition,Investment Strategies,Wealth Management,1.5 years,$40K-$100K
Finance,Etsy Selling,Entrepreneurship Course,Wealth Management,2 years,$50K-$150K
Finance,Nutrition,Entrepreneurship Course,AI/ML Specialization,6 months,$40K-$100K
Social Impact,Startup Basics,Web Dev Bootcamp,MBA & Growth Hacking,6 months,$40K-$100K
Business,Nutrition,Photoshop & Illustrator,MBA & Growth Hacking,6 months,$70K-$250K
Finance,Etsy Selling,Investment Strategies,Wealth Management,2 years,$40K-$100K
Creative,Nutrition,Holistic Coaching,Motion Design Masterclass,2 years,$60K-$200K
Tech,Startup Basics,Holistic Coaching,Advanced Dietetics,2 years,$70K-$250K
Education,Nutrition,Investment Strategies,MBA & Growth Hacking,6 months,$40K-$100K
Creative,Startup Basics,Entrepreneurship Course,Motion Design Masterclass,6 months,$50K-$150K
Wellness,Nutrition,Entrepreneurship Course,MBA & Growth Hacking,2 years,$60K-$200K
Tech,Startup Basics,Photoshop & Illustrator,Advanced Dietetics,6 months,$60K-$200K
Social Impact,Python Basics,Web Dev Bootcamp,MBA & Growth Hacking,1.5 years,$70K-$250K
Health,Startup Basics,Web Dev Bootcamp,Wealth Management,2 years,$40K-$100K
Education,Sketching,Photoshop & Illustrator,MBA & Growth Hacking,1 year,$70K-$250K
Creative,Startup Basics,Investment Strategies,AI/ML Specialization,1.5 years,$70K-$250K
Tech,Public Speaking,Entrepreneurship Course,Wealth Management,1.5 years,$70K-$250K
Education,Startup Basics,Web Dev Bootcamp,Wealth Management,6 months,$70K-$250K
Finance,Etsy Selling,Investment Strategies,MBA & Growth Hacking,6 months,$40K-$100K
Business,Sketching,Web Dev Bootcamp,AI/ML Specialization,1 year,$40K-$100K
Business,Startup Basics,Photoshop & Illustrator,MBA & Growth Hacking,6 months,$60K-$200K
Wellness,Sketching,Investment Strategies,Motion Design Masterclass,1.5 years,$70K-$250K
Creative,Startup Basics,Photoshop & Illustrator,Motion Design Masterclass,1.5 years,$40K-$100K
Creative,Startup Basics,Entrepreneurship Course,AI/ML Specialization,1 year,$40K-$100K
Business,Python Basics,Investment Strategies,MBA & Growth Hacking,2 years,$70K-$250K
Creative,Sketching,Investment Strategies,Advanced Dietetics,6 months,$50K-$150K
Tech,Sketching,Holistic Coaching,AI/ML Specialization,1 year,$60K-$200K
Tech,Python Basics,Investment Strategies,Wealth Management,1.5 years,$50K-$150K
E-Commerce,Startup Basics,Holistic Coaching,MBA & Growth Hacking,1.5 years,$40K-$100K
E-Commerce,Nutrition,Web Dev Bootcamp,MBA & Growth Hacking,6 months,$60K-$200K
E-Commerce,Etsy Selling,Entrepreneurship Course,AI/ML Specialization,2 years,$70K-$250K
Tech,Sketching,Photoshop & Illustrator,Motion Design Masterclass,1.5 years,$40K-$100K
Tech,Public Speaking,Photoshop & Illustrator,AI/ML Specialization,6 months,$50K-$150K
Education,Python Basics,Photoshop & Illustrator,AI/ML Specialization,1 year,$50K-$150K
Health,Sketching,Entrepreneurship Course,AI/ML Specialization,1.5 years,$60K-$200K
Creative,Nutrition,Entrepreneurship Course,Wealth Management,1.5 years,$40K-$100K
Creative,Startup Basics,Holistic Coaching,MBA & Growth Hacking,2 years,$60K-$200K
Education,Python Basics,Web Dev Bootcamp,AI/ML Specialization,1 year,$60K-$200K
Education,Public Speaking,Holistic Coaching,Motion Design Masterclass,1.5 years,$70K-$250K
Health,Python Basics,Photoshop & Illustrator,AI/ML Specialization,6 months,$40K-$100K
Finance,Sketching,Entrepreneurship Course,Advanced Dietetics,1.5 years,$70K-$250K
Social Impact,Startup Basics,Holistic Coaching,Advanced Dietetics,1 year,$50K-$150K
Business,Public Speaking,Photoshop & Illustrator,MBA & Growth Hacking,1 year,$40K-$100K
Tech,Public Speaking,Web Dev Bootcamp,Motion Design Masterclass,1 year,$70K-$250K
E-Commerce,Python Basics,Investment Strategies,Motion Design Masterclass,1.5 years,$60K-$200K
Education,Etsy Selling,Entrepreneurship Course,Motion Design Masterclass,1.5 years,$50K-$150K
Wellness,Budgeting,Investment Strategies,Advanced Dietetics,2 years,$70K-$250K
Creative,Public Speaking,Entrepreneurship Course,AI/ML Specialization,1 year,$50K-$150K
Education,Budgeting,Photoshop & Illustrator,Advanced Dietetics,6 months,$60K-$200K
Tech,Sketching,Holistic Coaching,Advanced Dietetics,6 months,$50K-$150K
Wellness,Nutrition,Investment Strategies,Wealth Management,2 years,$60K-$200K
Health,Public Speaking,Investment Strategies,Advanced Dietetics,2 years,$60K-$200K
Finance,Budgeting,Photoshop & Illustrator,MBA & Growth Hacking,6 months,$70K-$250K
Creative,Sketching,Web Dev Bootcamp,MBA & Growth Hacking,2 years,$60K-$200K
Business,Nutrition,Photoshop & Illustrator,MBA & Growth Hacking,2 years,$70K-$250K
Business,Python Basics,Holistic Coaching,MBA & Growth Hacking,2 years,$60K-$200K
E-Commerce,Startup Basics,Photoshop & Illustrator,Motion Design Masterclass,1 year,$50K-$150K
Education,Startup Basics,Photoshop & Illustrator,AI/ML Specialization,1 year,$70K-$250K
Business,Etsy Selling,Photoshop & Illustrator,AI/ML Specialization,1 year,$70K-$250K
Tech,Budgeting,Entrepreneurship Course,AI/ML Specialization,1 year,$40K-$100K
Education,Public Speaking,Web Dev Bootcamp,MBA & Growth Hacking,2 years,$60K-$200K
Business,Sketching,Entrepreneurship Course,AI/ML Specialization,1.5 years,$60K-$200K
Tech,Nutrition,Web Dev Bootcamp,AI/ML Specialization,1 year,$70K-$250K
Wellness,Budgeting,Investment Strategies,Motion Design Masterclass,2 years,$50K-$150K
Creative,Sketching,Investment Strategies,MBA & Growth Hacking,6 months,$70K-$250K
E-Commerce,Python Basics,Photoshop & Illustrator,MBA & Growth Hacking,6 months,$50K-$150K
Wellness,Python Basics,Web Dev Bootcamp,AI/ML Specialization,6 months,$70K-$250K
Creative,Etsy Selling,Holistic Coaching,MBA & Growth Hacking,1.5 years,$50K-$150K
Wellness,Budgeting,Photoshop & Illustrator,Advanced Dietetics,1.5 years,$60K-$200K
Business,Python Basics,Investment Strategies,MBA & Growth Hacking,1 year,$60K-$200K
Social Impact,Sketching,Photoshop & Illustrator,Wealth Management,1 year,$60K-$200K
Tech,Nutrition,Investment Strategies,Advanced Dietetics,6 months,$60K-$200K
Wellness,Etsy Selling,Holistic Coaching,Motion Design Masterclass,2 years,$70K-$250K
Creative,Nutrition,Entrepreneurship Course,Advanced Dietetics,1 year,$60K-$200K
Wellness,Budgeting,Investment Strategies,Wealth Management,1 year,$70K-$250K
Tech,Python Basics,Photoshop & Illustrator,AI/ML Specialization,1 year,$70K-$250K
Finance,Nutrition,Photoshop & Illustrator,MBA & Growth Hacking,2 years,$60K-$200K
Creative,Python Basics,Photoshop & Illustrator,Wealth Management,1.5 years,$40K-$100K
Social Impact,Python Basics,Investment Strategies,Wealth Management,2 years,$50K-$150K
Education,Etsy Selling,Investment Strategies,MBA & Growth Hacking,1 year,$70K-$250K
Health,Startup Basics,Web Dev Bootcamp,Wealth Management,1 year,$70K-$250K
Creative,Sketching,Photoshop & Illustrator,Motion Design Masterclass,6 months,$60K-$200K
E-Commerce,Budgeting,Investment Strategies,Wealth Management,1 year,$50K-$150K
Social Impact,Nutrition,Web Dev Bootcamp,MBA & Growth Hacking,2 years,$70K-$250K
Tech,Python Basics,Photoshop & Illustrator,Motion Design Masterclass,2 years,$40K-$100K
Health,Startup Basics,Investment Strategies,Motion Design Masterclass,2 years,$60K-$200K
Creative,Nutrition,Web Dev Bootcamp,MBA & Growth Hacking,1 year,$40K-$100K
E-Commerce,Python Basics,Entrepreneurship Course,Advanced Dietetics,1.5 years,$70K-$250K
E-Commerce,Nutrition,Web Dev Bootcamp,MBA & Growth Hacking,6 months,$50K-$150K
Creative,Nutrition,Photoshop & Illustrator,Motion Design Masterclass,1.5 years,$50K-$150K
Health,Etsy Selling,Entrepreneurship Course,Wealth Management,6 months,$40K-$100K
Finance,Public Speaking,Photoshop & Illustrator,AI/ML Specialization,1 year,$50K-$150K
Wellness,Nutrition,Holistic Coaching,Motion Design Masterclass,1.5 years,$60K-$200K
Education,Nutrition,Investment Strategies,Motion Design Masterclass,1 year,$40K-$100K
Business,Startup Basics,Web Dev Bootcamp,Wealth Management,2 years,$70K-$250K
Health,Sketching,Holistic Coaching,Advanced Dietetics,6 months,$40K-$100K
Education,Public Speaking,Holistic Coaching,Wealth Management,1.5 years,$40K-$100K
Creative,Startup Basics,Photoshop & Illustrator,Advanced Dietetics,1.5 years,$40K-$100K
Social Impact,Public Speaking,Photoshop & Illustrator,MBA & Growth Hacking,1 year,$60K-$200K
Tech,Budgeting,Photoshop & Illustrator,Motion Design Masterclass,1.5 years,$70K-$250K
Wellness,Nutrition,Photoshop & Illustrator,Motion Design Masterclass,6 months,$50K-$150K
Finance,Sketching,Web Dev Bootcamp,MBA & Growth Hacking,2 years,$70K-$250K
Tech,Etsy Selling,Investment Strategies,Motion Design Masterclass,1.5 years,$50K-$150K
Wellness,Sketching,Web Dev Bootcamp,Advanced Dietetics,1.5 years,$60K-$200K
Education,Startup Basics,Holistic Coaching,Advanced Dietetics,1 year,$70K-$250K
Social Impact,Budgeting,Photoshop & Illustrator,Motion Design Masterclass,2 years,$60K-$200K
Business,Sketching,Holistic Coaching,Motion Design Masterclass,1.5 years,$60K-$200K
Education,Python Basics,Investment Strategies,AI/ML Specialization,1.5 years,$40K-$100K
E-Commerce,Budgeting,Photoshop & Illustrator,Advanced Dietetics,2 years,$70K-$250K
Finance,Nutrition,Investment Strategies,Advanced Dietetics,1 year,$70K-$250K
Social Impact,Public Speaking,Holistic Coaching,AI/ML Specialization,1.5 years,$70K-$250K
Finance,Sketching,Entrepreneurship Course,MBA & Growth Hacking,6 months,$50K-$150K
Finance,Sketching,Photoshop & Illustrator,Motion Design Masterclass,6 months,$70K-$250K
Creative,Sketching,Web Dev Bootcamp,AI/ML Specialization,1.5 years,$40K-$100K
Social Impact,Budgeting,Holistic Coaching,Advanced Dietetics,1 year,$70K-$250K
Education,Python Basics,Entrepreneurship Course,Advanced Dietetics,1.5 years,$60K-$200K
Social Impact,Etsy Selling,Entrepreneurship Course,Wealth Management,1 year,$50K-$150K
Tech,Python Basics,Entrepreneurship Course,Motion Design Masterclass,6 months,$40K-$100K
Business,Etsy Selling,Investment Strategies,AI/ML Specialization,6 months,$60K-$200K
Wellness,Public Speaking,Entrepreneurship Course,Motion Design Masterclass,1 year,$60K-$200K
Education,Budgeting,Holistic Coaching,MBA & Growth Hacking,6 months,$60K-$200K
Business,Etsy Selling,Holistic Coaching,Motion Design Masterclass,1 year,$40K-$100K
Business,Startup Basics,Holistic Coaching,MBA & Growth Hacking,1.5 years,$50K-$150K
Education,Nutrition,Photoshop & Illustrator,Motion Design Masterclass,1 year,$60K-$200K
Business,Sketching,Investment Strategies,AI/ML Specialization,1 year,$60K-$200K
Business,Python Basics,Holistic Coaching,Advanced Dietetics,1 year,$60K-$200K
Wellness,Nutrition,Photoshop & Illustrator,Motion Design Masterclass,1.5 years,$60K-$200K
Finance,Nutrition,Entrepreneurship Course,Wealth Management,2 years,$40K-$100K
Business,Etsy Selling,Holistic Coaching,Advanced Dietetics,6 months,$70K-$250K
Creative,Public Speaking,Entrepreneurship Course,Motion Design Masterclass,6 months,$60K-$200K
E-Commerce,Etsy Selling,Holistic Coaching,MBA & Growth Hacking,2 years,$40K-$100K
Business,Startup Basics,Holistic Coaching,MBA & Growth Hacking,2 years,$60K-$200K
Education,Sketching,Investment Strategies,AI/ML Specialization,1.5 years,$60K-$200K
Creative,Public Speaking,Holistic Coaching,Advanced Dietetics,6 months,$40K-$100K
Health,Nutrition,Investment Strategies,AI/ML Specialization,2 years,$40K-$100K
Creative,Budgeting,Photoshop & Illustrator,Wealth Management,1.5 years,$40K-$100K
Social Impact,Nutrition,Entrepreneurship Course,AI/ML Specialization,1.5 years,$70K-$250K
E-Commerce,Nutrition,Photoshop & Illustrator,Advanced Dietetics,1.5 years,$50K-$150K
Tech,Python Basics,Photoshop & Illustrator,Motion Design Masterclass,2 years,$60K-$200K
E-Commerce,Etsy Selling,Photoshop & Illustrator,Motion Design Masterclass,6 months,$70K-$250K
Tech,Public Speaking,Entrepreneurship Course,Advanced Dietetics,6 months,$50K-$150K
Education,Sketching,Entrepreneurship Course,AI/ML Specialization,2 years,$60K-$200K
Business,Budgeting,Holistic Coaching,Advanced Dietetics,2 years,$50K-$150K
Social Impact,Python Basics,Entrepreneurship Course,Wealth Management,1.5 years,$40K-$100K
Creative,Python Basics,Holistic Coaching,AI/ML Specialization,1 year,$50K-$150K
Finance,Sketching,Photoshop & Illustrator,AI/ML Specialization,1.5 years,$40K-$100K
Creative,Public Speaking,Holistic Coaching,Advanced Dietetics,1 year,$40K-$100K
Social Impact,Startup Basics,Entrepreneurship Course,MBA & Growth Hacking,2 years,$50K-$150K
Health,Startup Basics,Photoshop & Illustrator,AI/ML Specialization,1.5 years,$40K-$100K
Creative,Startup Basics,Investment Strategies,Wealth Management,2 years,$50K-$150K
Health,Startup Basics,Investment Strategies,MBA & Growth Hacking,2 years,$60K-$200K
Social Impact,Python Basics,Entrepreneurship Course,AI/ML Specialization,6 months,$40K-$100K
Education,Public Speaking,Web Dev Bootcamp,AI/ML Specialization,1.5 years,$70K-$250K
Wellness,Nutrition,Holistic Coaching,AI/ML Specialization,1.5 years,$50K-$150K
Tech,Nutrition,Holistic Coaching,Wealth Management,1.5 years,$50K-$150K
Business,Budgeting,Photoshop & Illustrator,Wealth Management,1 year,$70K-$250K
Education,Python Basics,Web Dev Bootcamp,Advanced Dietetics,1 year,$50K-$150K
E-Commerce,Nutrition,Holistic Coaching,Motion Design Masterclass,2 years,$50K-$150K
Creative,Etsy Selling,Photoshop & Illustrator,Motion Design Masterclass,6 months,$40K-$100K
Social Impact,Sketching,Web Dev Bootcamp,Motion Design Masterclass,1.5 years,$70K-$250K
Business,Etsy Selling,Photoshop & Illustrator,Advanced Dietetics,1.5 years,$50K-$150K
Business,Public Speaking,Entrepreneurship Course,AI/ML Specialization,1.5 years,$50K-$150K
Wellness,Public Speaking,Photoshop & Illustrator,Motion Design Masterclass,1 year,$70K-$250K
Education,Etsy Selling,Entrepreneurship Course,Wealth Management,2 years,$40K-$100K
E-Commerce,Python Basics,Holistic Coaching,MBA & Growth Hacking,6 months,$50K-$150K
Business,Public Speaking,Web Dev Bootcamp,AI/ML Specialization,6 months,$40K-$100K
Wellness,Python Basics,Photoshop & Illustrator,Motion Design Masterclass,1 year,$50K-$150K
Creative,Python Basics,Holistic Coaching,Wealth Management,6 months,$40K-$100K
Health,Etsy Selling,Web Dev Bootcamp,AI/ML Specialization,1.5 years,$60K-$200K
Social Impact,Public Speaking,Photoshop & Illustrator,Motion Design Masterclass,1 year,$50K-$150K
Health,Budgeting,Investment Strategies,Advanced Dietetics,2 years,$60K-$200K
Wellness,Public Speaking,Holistic Coaching,Wealth Management,1 year,$60K-$200K
Business,Nutrition,Holistic Coaching,Wealth Management,1 year,$60K-$200K
Finance,Nutrition,Photoshop & Illustrator,Motion Design Masterclass,2 years,$50K-$150K
Health,Python Basics,Investment Strategies,Motion Design Masterclass,1 year,$70K-$250K
E-Commerce,Public Speaking,Investment Strategies,Advanced Dietetics,6 months,$50K-$150K
Business,Public Speaking,Investment Strategies,Wealth Management,6 months,$70K-$250K
Social Impact,Public Speaking,Web Dev Bootcamp,Wealth Management,1 year,$50K-$150K
E-Commerce,Etsy Selling,Web Dev Bootcamp,Wealth Management,6 months,$60K-$200K
Finance,Budgeting,Investment Strategies,Advanced Dietetics,6 months,$60K-$200K
Wellness,Etsy Selling,Holistic Coaching,MBA & Growth Hacking,6 months,$50K-$150K
Health,Public Speaking,Investment Strategies,MBA & Growth Hacking,1.5 years,$70K-$250K
Wellness,Startup Basics,Investment Strategies,MBA & Growth Hacking,6 months,$70K-$250K
Finance,Budgeting,Entrepreneurship Course,AI/ML Specialization,2 years,$40K-$100K
Creative,Nutrition,Photoshop & Illustrator,Advanced Dietetics,2 years,$70K-$250K
Business,Etsy Selling,Web Dev Bootcamp,Motion Design Masterclass,1.5 years,$70K-$250K
Wellness,Startup Basics,Photoshop & Illustrator,MBA & Growth Hacking,2 years,$70K-$250K
E-Commerce,Etsy Selling,Web Dev Bootcamp,Advanced Dietetics,1 year,$50K-$150K
Creative,Python Basics,Holistic Coaching,Motion Design Masterclass,6 months,$60K-$200K
Tech,Sketching,Web Dev Bootcamp,Motion Design Masterclass,1 year,$70K-$250K
Tech,Startup Basics,Web Dev Bootcamp,Wealth Management,6 months,$50K-$150K
Wellness,Nutrition,Entrepreneurship Course,Wealth Management,2 years,$40K-$100K
Health,Sketching,Investment Strategies,MBA & Growth Hacking,6 months,$40K-$100K
Social Impact,Public Speaking,Investment Strategies,Wealth Management,6 months,$70K-$250K
Health,Sketching,Holistic Coaching,MBA & Growth Hacking,2 years,$70K-$250K
Social Impact,Python Basics,Photoshop & Illustrator,Motion Design Masterclass,6 months,$70K-$250K
Creative,Etsy Selling,Holistic Coaching,Wealth Management,1 year,$50K-$150K
Business,Sketching,Entrepreneurship Course,AI/ML Specialization,2 years,$70K-$250K
Health,Python Basics,Web Dev Bootcamp,Wealth Management,1 year,$40K-$100K
Health,Sketching,Holistic Coaching,MBA & Growth Hacking,1.5 years,$40K-$100K
Business,Nutrition,Entrepreneurship Course,Advanced Dietetics,2 years,$60K-$200K
Finance,Sketching,Web Dev Bootcamp,MBA & Growth Hacking,1 year,$60K-$200K
Tech,Python Basics,Entrepreneurship Course,Wealth Management,6 months,$40K-$100K
Wellness,Sketching,Entrepreneurship Course,Advanced Dietetics,6 months,$50K-$150K
Finance,Public Speaking,Web Dev Bootcamp,Motion Design Masterclass,6 months,$40K-$100K
E-Commerce,Public Speaking,Web Dev Bootcamp,Advanced Dietetics,2 years,$60K-$200K
Education,Etsy Selling,Photoshop & Illustrator,Wealth Management,1 year,$50K-$150K
E-Commerce,Budgeting,Web Dev Bootcamp,Wealth Management,2 years,$70K-$250K
Wellness,Public Speaking,Entrepreneurship Course,AI/ML Specialization,1.5 years,$70K-$250K
Wellness,Python Basics,Photoshop & Illustrator,AI/ML Specialization,1.5 years,$40K-$100K
Creative,Nutrition,Holistic Coaching,Motion Design Masterclass,1.5 years,$60K-$200K
Wellness,Startup Basics,Holistic Coaching,MBA & Growth Hacking,1 year,$40K-$100K
Finance,Startup Basics,Photoshop & Illustrator,Motion Design Masterclass,6 months,$40K-$100K
Education,Python Basics,Investment Strategies,Advanced Dietetics,6 months,$40K-$100K
Education,Nutrition,Web Dev Bootcamp,MBA & Growth Hacking,2 years,$50K-$150K
Creative,Budgeting,Entrepreneurship Course,MBA & Growth Hacking,1 year,$50K-$150K
Social Impact,Public Speaking,Photoshop & Illustrator,Advanced Dietetics,2 years,$50K-$150K
Health,Etsy Selling,Holistic Coaching,Wealth Management,1.5 years,$70K-$250K
E-Commerce,Python Basics,Photoshop & Illustrator,AI/ML Specialization,1.5 years,$40K-$100K
Business,Nutrition,Entrepreneurship Course,Advanced Dietetics,1.5 years,$70K-$250K
Social Impact,Startup Basics,Photoshop & Illustrator,MBA & Growth Hacking,6 months,$60K-$200K
Education,Nutrition,Web Dev Bootcamp,Wealth Management,6 months,$70K-$250K
Wellness,Python Basics,Web Dev Bootcamp,AI/ML Specialization,1 year,$60K-$200K
Finance,Budgeting,Holistic Coaching,MBA & Growth Hacking,2 years,$40K-$100K
E-Commerce,Startup Basics,Entrepreneurship Course,AI/ML Specialization,1 year,$60K-$200K
Wellness,Etsy Selling,Photoshop & Illustrator,AI/ML Specialization,1.5 years,$60K-$200K
Education,Public Speaking,Investment Strategies,MBA & Growth Hacking,1 year,$70K-$250K
Education,Budgeting,Investment Strategies,Wealth Management,1.5 years,$40K-$100K
Education,Sketching,Web Dev Bootcamp,AI/ML Specialization,1.5 years,$60K-$200K
Wellness,Startup Basics,Photoshop & Illustrator,Motion Design Masterclass,1 year,$60K-$200K
Business,Etsy Selling,Investment Strategies,Motion Design Masterclass,6 months,$60K-$200K
Finance,Startup Basics,Investment Strategies,AI/ML Specialization,2 years,$40K-$100K
Creative,Nutrition,Photoshop & Illustrator,MBA & Growth Hacking,1 year,$50K-$150K
Social Impact,Nutrition,Holistic Coaching,Motion Design Masterclass,2 years,$50K-$150K
Creative,Nutrition,Entrepreneurship Course,Wealth Management,1 year,$60K-$200K
Health,Budgeting,Investment Strategies,MBA & Growth Hacking,2 years,$50K-$150K
Tech,Budgeting,Investment Strategies,MBA & Growth Hacking,6 months,$60K-$200K
Business,Etsy Selling,Entrepreneurship Course,Motion Design Masterclass,6 months,$50K-$150K
Finance,Nutrition,Photoshop & Illustrator,Motion Design Masterclass,2 years,$70K-$250K
Education,Nutrition,Photoshop & Illustrator,MBA & Growth Hacking,1 year,$70K-$250K
Creative,Etsy Selling,Entrepreneurship Course,Wealth Management,2 years,$60K-$200K
Wellness,Startup Basics,Photoshop & Illustrator,Advanced Dietetics,6 months,$40K-$100K
Wellness,Nutrition,Holistic Coaching,AI/ML Specialization,2 years,$60K-$200K
Finance,Public Speaking,Web Dev Bootcamp,AI/ML Specialization,1.5 years,$40K-$100K
Health,Sketching,Photoshop & Illustrator,MBA & Growth Hacking,1 year,$40K-$100K
Wellness,Budgeting,Holistic Coaching,MBA & Growth Hacking,1 year,$70K-$250K
Creative,Budgeting,Web Dev Bootcamp,Wealth Management,1.5 years,$60K-$200K
Business,Etsy Selling,Photoshop & Illustrator,Wealth Management,6 months,$40K-$100K
Tech,Public Speaking,Entrepreneurship Course,Motion Design Masterclass,1.5 years,$70K-$250K
E-Commerce,Python Basics,Web Dev Bootcamp,Motion Design Masterclass,6 months,$40K-$100K
Finance,Etsy Selling,Photoshop & Illustrator,Advanced Dietetics,6 months,$50K-$150K
Wellness,Startup Basics,Investment Strategies,AI/ML Specialization,6 months,$70K-$250K
Finance,Python Basics,Investment Strategies,Advanced Dietetics,1 year,$60K-$200K
Social Impact,Public Speaking,Web Dev Bootcamp,Wealth Management,2 years,$60K-$200K
Wellness,Python Basics,Holistic Coaching,AI/ML Specialization,2 years,$40K-$100K
Finance,Nutrition,Entrepreneurship Course,Motion Design Masterclass,2 years,$40K-$100K
Tech,Startup Basics,Holistic Coaching,Advanced Dietetics,1.5 years,$40K-$100K
Social Impact,Etsy Selling,Investment Strategies,AI/ML Specialization,6 months,$70K-$250K
Finance,Nutrition,Entrepreneurship Course,AI/ML Specialization,2 years,$40K-$100K
Wellness,Public Speaking,Investment Strategies,Motion Design Masterclass,1.5 years,$50K-$150K
Tech,Python Basics,Web Dev Bootcamp,MBA & Growth Hacking,6 months,$40K-$100K
Tech,Budgeting,Investment Strategies,MBA & Growth Hacking,1 year,$50K-$150K
Business,Startup Basics,Entrepreneurship Course,Wealth Management,2 years,$60K-$200K
Creative,Budgeting,Web Dev Bootcamp,Motion Design Masterclass,1 year,$70K-$250K
Social Impact,Sketching,Photoshop & Illustrator,MBA & Growth Hacking,1.5 years,$40K-$100K
Finance,Nutrition,Entrepreneurship Course,Motion Design Masterclass,6 months,$50K-$150K
Wellness,Public Speaking,Entrepreneurship Course,Advanced Dietetics,6 months,$70K-$250K
Social Impact,Nutrition,Web Dev Bootcamp,AI/ML Specialization,2 years,$40K-$100K
Social Impact,Public Speaking,Investment Strategies,Motion Design Masterclass,1 year,$60K-$200K
Wellness,Public Speaking,Web Dev Bootcamp,AI/ML Specialization,6 months,$50K-$150K
E-Commerce,Startup Basics,Entrepreneurship Course,Motion Design Masterclass,2 years,$40K-$100K
Education,Nutrition,Photoshop & Illustrator,Motion Design Masterclass,2 years,$60K-$200K
Tech,Startup Basics,Web Dev Bootcamp,Advanced Dietetics,6 months,$60K-$200K
Health,Etsy Selling,Investment Strategies,Motion Design Masterclass,1.5 years,$70K-$250K
Business,Sketching,Photoshop & Illustrator,Advanced Dietetics,1.5 years,$40K-$100K
Health,Public Speaking,Web Dev Bootcamp,MBA & Growth Hacking,1 year,$60K-$200K
Education,Public Speaking,Photoshop & Illustrator,AI/ML Specialization,6 months,$40K-$100K
Business,Budgeting,Holistic Coaching,AI/ML Specialization,2 years,$40K-$100K
E-Commerce,Budgeting,Holistic Coaching,MBA & Growth Hacking,1.5 years,$70K-$250K
Business,Sketching,Investment Strategies,MBA & Growth Hacking,6 months,$70K-$250K
Creative,Startup Basics,Web Dev Bootcamp,MBA & Growth Hacking,2 years,$60K-$200K
Tech,Startup Basics,Web Dev Bootcamp,Motion Design Masterclass,1.5 years,$50K-$150K
Tech,Sketching,Holistic Coaching,Wealth Management,2 years,$70K-$250K
Tech,Budgeting,Holistic Coaching,Wealth Management,1 year,$60K-$200K
Social Impact,Python Basics,Holistic Coaching,AI/ML Specialization,6 months,$70K-$250K
Social Impact,Etsy Selling,Investment Strategies,AI/ML Specialization,1.5 years,$70K-$250K
Health,Nutrition,Entrepreneurship Course,Advanced Dietetics,6 months,$50K-$150K
Business,Etsy Selling,Investment Strategies,Wealth Management,2 years,$40K-$100K
Wellness,Startup Basics,Entrepreneurship Course,Wealth Management,6 months,$40K-$100K
Social Impact,Sketching,Investment Strategies,Motion Design Masterclass,6 months,$40K-$100K
Tech,Budgeting,Web Dev Bootcamp,Advanced Dietetics,1 year,$60K-$200K
Creative,Startup Basics,Web Dev Bootcamp,Motion Design Masterclass,6 months,$60K-$200K
Social Impact,Python Basics,Investment Strategies,Advanced Dietetics,1 year,$60K-$200K
Finance,Etsy Selling,Investment Strategies,MBA & Growth Hacking,6 months,$40K-$100K
Education,Sketching,Web Dev Bootcamp,AI/ML Specialization,2 years,$40K-$100K
Health,Python Basics,Holistic Coaching,Wealth Management,1.5 years,$70K-$250K
Finance,Nutrition,Photoshop & Illustrator,Wealth Management,2 years,$60K-$200K
Social Impact,Python Basics,Investment Strategies,MBA & Growth Hacking,1 year,$70K-$250K
Social Impact,Sketching,Investment Strategies,Motion Design Masterclass,2 years,$50K-$150K
Business,Etsy Selling,Web Dev Bootcamp,Motion Design Masterclass,6 months,$60K-$200K
Social Impact,Startup Basics,Investment Strategies,MBA & Growth Hacking,1.5 years,$60K-$200K
Finance,Python Basics,Entrepreneurship Course,Advanced Dietetics,6 months,$60K-$200K
Education,Python Basics,Holistic Coaching,Motion Design Masterclass,2 years,$50K-$150K
Social Impact,Nutrition,Holistic Coaching,MBA & Growth Hacking,1 year,$40K-$100K
Health,Budgeting,Entrepreneurship Course,Advanced Dietetics,6 months,$50K-$150K
Tech,Python Basics,Photoshop & Illustrator,Motion Design Masterclass,2 years,$40K-$100K
Health,Nutrition,Web Dev Bootcamp,Wealth Management,1.5 years,$40K-$100K
Health,Python Basics,Entrepreneurship Course,Wealth Management,1.5 years,$40K-$100K
Creative,Sketching,Web Dev Bootcamp,MBA & Growth Hacking,1.5 years,$40K-$100K
Finance,Sketching,Photoshop & Illustrator,AI/ML Specialization,1 year,$70K-$250K
Tech,Startup Basics,Entrepreneurship Course,Wealth Management,6 months,$50K-$150K
Health,Nutrition,Web Dev Bootcamp,Motion Design Masterclass,6 months,$70K-$250K
Tech,Nutrition,Investment Strategies,MBA & Growth Hacking,1 year,$60K-$200K
Business,Public Speaking,Holistic Coaching,Wealth Management,2 years,$70K-$250K
Social Impact,Budgeting,Web Dev Bootcamp,AI/ML Specialization,1.5 years,$60K-$200K
Education,Sketching,Entrepreneurship Course,Wealth Management,6 months,$40K-$100K
Education,Nutrition,Investment Strategies,MBA & Growth Hacking,1 year,$70K-$250K
Wellness,Python Basics,Photoshop & Illustrator,Wealth Management,1.5 years,$50K-$150K
E-Commerce,Python Basics,Investment Strategies,Advanced Dietetics,2 years,$70K-$250K
Business,Nutrition,Entrepreneurship Course,MBA & Growth Hacking,1 year,$50K-$150K
Education,Etsy Selling,Web Dev Bootcamp,Motion Design Masterclass,6 months,$60K-$200K
E-Commerce,Sketching,Holistic Coaching,Advanced Dietetics,2 years,$60K-$200K
Creative,Nutrition,Photoshop & Illustrator,MBA & Growth Hacking,1.5 years,$60K-$200K
Finance,Nutrition,Investment Strategies,Wealth Management,2 years,$70K-$250K
E-Commerce,Etsy Selling,Photoshop & Illustrator,Wealth Management,1 year,$70K-$250K
Wellness,Budgeting,Holistic Coaching,AI/ML Specialization,2 years,$40K-$100K
Social Impact,Public Speaking,Photoshop & Illustrator,MBA & Growth Hacking,1.5 years,$60K-$200K
Social Impact,Sketching,Photoshop & Illustrator,Advanced Dietetics,2 years,$70K-$250K
Health,Public Speaking,Web Dev Bootcamp,Wealth Management,1.5 years,$50K-$150K
Finance,Budgeting,Photoshop & Illustrator,Motion Design Masterclass,1.5 years,$70K-$250K
Business,Budgeting,Holistic Coaching,Advanced Dietetics,1 year,$40K-$100K
Finance,Startup Basics,Entrepreneurship Course,MBA & Growth Hacking,6 months,$50K-$150K
Creative,Nutrition,Holistic Coaching,MBA & Growth Hacking,1 year,$40K-$100K
Education,Budgeting,Holistic Coaching,Wealth Management,6 months,$70K-$250K
Health,Python Basics,Investment Strategies,MBA & Growth Hacking,2 years,$40K-$100K
E-Commerce,Python Basics,Entrepreneurship Course,Wealth Management,2 years,$40K-$100K
Wellness,Startup Basics,Holistic Coaching,MBA & Growth Hacking,6 months,$50K-$150K
Finance,Startup Basics,Holistic Coaching,Motion Design Masterclass,6 months,$50K-$150K
Business,Python Basics,Holistic Coaching,Wealth Management,1 year,$50K-$150K
Education,Etsy Selling,Holistic Coaching,AI/ML Specialization,1.5 years,$50K-$150K
Business,Etsy Selling,Photoshop & Illustrator,Wealth Management,1 year,$50K-$150K
Wellness,Python Basics,Web Dev Bootcamp,Advanced Dietetics,1.5 years,$70K-$250K
Health,Public Speaking,Web Dev Bootcamp,MBA & Growth Hacking,1 year,$70K-$250K
Tech,Nutrition,Web Dev Bootcamp,AI/ML Specialization,2 years,$40K-$100K
Tech,Nutrition,Investment Strategies,AI/ML Specialization,1 year,$50K-$150K
Education,Python Basics,Entrepreneurship Course,AI/ML Specialization,2 years,$40K-$100K
Creative,Sketching,Photoshop & Illustrator,AI/ML Specialization,1 year,$40K-$100K
Education,Etsy Selling,Holistic Coaching,Advanced Dietetics,1.5 years,$60K-$200K
Creative,Public Speaking,Web Dev Bootcamp,MBA & Growth Hacking,1.5 years,$50K-$150K
E-Commerce,Startup Basics,Photoshop & Illustrator,Wealth Management,1.5 years,$40K-$100K
Education,Public Speaking,Photoshop & Illustrator,Advanced Dietetics,6 months,$40K-$100K
Health,Sketching,Investment Strategies,Wealth Management,1.5 years,$70K-$250K
Creative,Startup Basics,Photoshop & Illustrator,Wealth Management,1.5 years,$50K-$150K
Education,Python Basics,Photoshop & Illustrator,MBA & Growth Hacking,1 year,$70K-$250K
Finance,Nutrition,Web Dev Bootcamp,MBA & Growth Hacking,6 months,$40K-$100K
Education,Python Basics,Entrepreneurship Course,Motion Design Masterclass,6 months,$70K-$250K
Business,Budgeting,Holistic Coaching,MBA & Growth Hacking,1 year,$70K-$250K
Tech,Budgeting,Holistic Coaching,AI/ML Specialization,2 years,$40K-$100K
Wellness,Public Speaking,Holistic Coaching,Advanced Dietetics,2 years,$50K-$150K
Creative,Nutrition,Web Dev Bootcamp,AI/ML Specialization,6 months,$40K-$100K
Finance,Nutrition,Web Dev Bootcamp,Wealth Management,1 year,$40K-$100K
Finance,Sketching,Entrepreneurship Course,Advanced Dietetics,2 years,$40K-$100K
Education,Sketching,Web Dev Bootcamp,Wealth Management,1.5 years,$70K-$250K
E-Commerce,Etsy Selling,Investment Strategies,Advanced Dietetics,2 years,$70K-$250K
Wellness,Public Speaking,Entrepreneurship Course,Advanced Dietetics,6 months,$70K-$250K
Education,Startup Basics,Investment Strategies,Wealth Management,1 year,$70K-$250K
Tech,Startup Basics,Holistic Coaching,Advanced Dietetics,1 year,$50K-$150K
Business,Startup Basics,Web Dev Bootcamp,Motion Design Masterclass,1 year,$40K-$100K
Finance,Public Speaking,Entrepreneurship Course,Motion Design Masterclass,6 months,$70K-$250K
Business,Python Basics,Entrepreneurship Course,AI/ML Specialization,1.5 years,$60K-$200K
Social Impact,Sketching,Web Dev Bootcamp,Wealth Management,1 year,$40K-$100K
Tech,Etsy Selling,Web Dev Bootcamp,Advanced Dietetics,1 year,$40K-$100K
Wellness,Budgeting,Investment Strategies,AI/ML Specialization,2 years,$70K-$250K
E-Commerce,Python Basics,Web Dev Bootcamp,AI/ML Specialization,6 months,$50K-$150K
Business,Python Basics,Web Dev Bootcamp,Wealth Management,1.5 years,$50K-$150K
Finance,Etsy Selling,Entrepreneurship Course,AI/ML Specialization,1.5 years,$60K-$200K
Health,Etsy Selling,Holistic Coaching,Wealth Management,6 months,$60K-$200K
Education,Sketching,Holistic Coaching,Motion Design Masterclass,1.5 years,$60K-$200K
Social Impact,Public Speaking,Investment Strategies,Advanced Dietetics,6 months,$60K-$200K
Creative,Python Basics,Holistic Coaching,AI/ML Specialization,6 months,$50K-$150K
Health,Startup Basics,Investment Strategies,Advanced Dietetics,6 months,$70K-$250K
Tech,Python Basics,Web Dev Bootcamp,Motion Design Masterclass,2 years,$50K-$150K
Finance,Startup Basics,Investment Strategies,Advanced Dietetics,1 year,$50K-$150K
Tech,Sketching,Holistic Coaching,Wealth Management,6 months,$70K-$250K
Social Impact,Budgeting,Holistic Coaching,MBA & Growth Hacking,1.5 years,$60K-$200K
Wellness,Python Basics,Holistic Coaching,Wealth Management,1 year,$40K-$100K
Tech,Budgeting,Web Dev Bootcamp,Advanced Dietetics,2 years,$40K-$100K
Tech,Startup Basics,Photoshop & Illustrator,Wealth Management,6 months,$50K-$150K
E-Commerce,Budgeting,Entrepreneurship Course,Wealth Management,6 months,$40K-$100K
Creative,Nutrition,Photoshop & Illustrator,Wealth Management,6 months,$40K-$100K
Finance,Etsy Selling,Holistic Coaching,Advanced Dietetics,2 years,$70K-$250K
Social Impact,Sketching,Investment Strategies,MBA & Growth Hacking,1.5 years,$60K-$200K
Education,Public Speaking,Entrepreneurship Course,Advanced Dietetics,6 months,$40K-$100K
Health,Startup Basics,Entrepreneurship Course,MBA & Growth Hacking,1.5 years,$50K-$150K
Creative,Sketching,Photoshop & Illustrator,Advanced Dietetics,1 year,$50K-$150K
Social Impact,Startup Basics,Entrepreneurship Course,Advanced Dietetics,1 year,$40K-$100K
Education,Startup Basics,Web Dev Bootcamp,MBA & Growth Hacking,2 years,$50K-$150K
Health,Nutrition,Investment Strategies,AI/ML Specialization,2 years,$50K-$150K
Creative,Python Basics,Investment Strategies,Motion Design Masterclass,1 year,$50K-$150K
Social Impact,Public Speaking,Entrepreneurship Course,AI/ML Specialization,1.5 years,$70K-$250K
Creative,Budgeting,Holistic Coaching,MBA & Growth Hacking,1.5 years,$70K-$250K
Education,Startup Basics,Entrepreneurship Course,AI/ML Specialization,1 year,$70K-$250K
Creative,Sketching,Holistic Coaching,AI/ML Specialization,6 months,$70K-$250K
Business,Etsy Selling,Web Dev Bootcamp,MBA & Growth Hacking,6 months,$60K-$200K
Social Impact,Python Basics,Investment Strategies,Motion Design Masterclass,6 months,$50K-$150K
Education,Startup Basics,Entrepreneurship Course,MBA & Growth Hacking,1.5 years,$60K-$200K
Finance,Sketching,Investment Strategies,Advanced Dietetics,6 months,$40K-$100K
Wellness,Public Speaking,Photoshop & Illustrator,AI/ML Specialization,2 years,$70K-$250K
Social Impact,Startup Basics,Photoshop & Illustrator,Advanced Dietetics,2 years,$60K-$200K
Creative,Sketching,Entrepreneurship Course,MBA & Growth Hacking,2 years,$50K-$150K
Creative,Budgeting,Web Dev Bootcamp,Wealth Management,6 months,$50K-$150K
Health,Sketching,Holistic Coaching,MBA & Growth Hacking,6 months,$60K-$200K
Social Impact,Public Speaking,Entrepreneurship Course,Advanced Dietetics,6 months,$50K-$150K
Creative,Etsy Selling,Holistic Coaching,Motion Design Masterclass,2 years,$70K-$250K
Education,Startup Basics,Entrepreneurship Course,Motion Design Masterclass,1 year,$60K-$200K
Tech,Budgeting,Investment Strategies,AI/ML Specialization,6 months,$60K-$200K
Finance,Etsy Selling,Photoshop & Illustrator,AI/ML Specialization,1 year,$60K-$200K
Wellness,Nutrition,Holistic Coaching,MBA & Growth Hacking,6 months,$40K-$100K
Tech,Public Speaking,Investment Strategies,MBA & Growth Hacking,1 year,$60K-$200K
Wellness,Public Speaking,Investment Strategies,Wealth Management,1 year,$40K-$100K
Wellness,Python Basics,Investment Strategies,Advanced Dietetics,6 months,$70K-$250K
Wellness,Etsy Selling,Photoshop & Illustrator,MBA & Growth Hacking,2 years,$60K-$200K
Wellness,Budgeting,Photoshop & Illustrator,AI/ML Specialization,1 year,$60K-$200K
Health,Sketching,Entrepreneurship Course,Motion Design Masterclass,6 months,$40K-$100K
Social Impact,Etsy Selling,Holistic Coaching,Motion Design Masterclass,2 years,$40K-$100K
Wellness,Python Basics,Holistic Coaching,Wealth Management,6 months,$40K-$100K
Tech,Sketching,Investment Strategies,Advanced Dietetics,6 months,$40K-$100K
E-Commerce,Python Basics,Entrepreneurship Course,Advanced Dietetics,1.5 years,$70K-$250K
Health,Public Speaking,Web Dev Bootcamp,AI/ML Specialization,1.5 years,$40K-$100K
E-Commerce,Public Speaking,Investment Strategies,Wealth Management,2 years,$60K-$200K
Creative,Public Speaking,Web Dev Bootcamp,Wealth Management,6 months,$50K-$150K
Finance,Python Basics,Holistic Coaching,AI/ML Specialization,1 year,$40K-$100K
Finance,Startup Basics,Web Dev Bootcamp,Motion Design Masterclass,2 years,$70K-$250K
Education,Sketching,Holistic Coaching,MBA & Growth Hacking,1 year,$40K-$100K
E-Commerce,Python Basics,Web Dev Bootcamp,Advanced Dietetics,1 year,$70K-$250K
Tech,Public Speaking,Holistic Coaching,Wealth Management,1 year,$60K-$200K
E-Commerce,Python Basics,Holistic Coaching,MBA & Growth Hacking,6 months,$70K-$250K
Finance,Budgeting,Entrepreneurship Course,Motion Design Masterclass,6 months,$50K-$150K
Health,Etsy Selling,Entrepreneurship Course,MBA & Growth Hacking,1 year,$50K-$150K
Health,Nutrition,Holistic Coaching,Advanced Dietetics,1 year,$60K-$200K
Creative,Sketching,Photoshop & Illustrator,Advanced Dietetics,1 year,$40K-$100K
E-Commerce,Startup Basics,Entrepreneurship Course,MBA & Growth Hacking,1 year,$50K-$150K
E-Commerce,Sketching,Web Dev Bootcamp,Advanced Dietetics,1 year,$50K-$150K
Business,Python Basics,Photoshop & Illustrator,MBA & Growth Hacking,2 years,$60K-$200K
Tech,Sketching,Web Dev Bootcamp,Motion Design Masterclass,1.5 years,$70K-$250K
E-Commerce,Python Basics,Holistic Coaching,Wealth Management,2 years,$60K-$200K
Creative,Budgeting,Investment Strategies,MBA & Growth Hacking,2 years,$60K-$200K
Education,Sketching,Entrepreneurship Course,Motion Design Masterclass,1 year,$70K-$250K
E-Commerce,Sketching,Investment Strategies,Motion Design Masterclass,1.5 years,$60K-$200K
Social Impact,Python Basics,Photoshop & Illustrator,Advanced Dietetics,1.5 years,$50K-$150K
Finance,Nutrition,Investment Strategies,Wealth Management,2 years,$70K-$250K
Creative,Nutrition,Photoshop & Illustrator,MBA & Growth Hacking,6 months,$70K-$250K
Health,Python Basics,Photoshop & Illustrator,Motion Design Masterclass,1.5 years,$70K-$250K
Health,Startup Basics,Investment Strategies,AI/ML Specialization,6 months,$60K-$200K
Business,Startup Basics,Entrepreneurship Course,Advanced Dietetics,1.5 years,$70K-$250K
Wellness,Startup Basics,Photoshop & Illustrator,AI/ML Specialization,1 year,$50K-$150K
Finance,Budgeting,Holistic Coaching,Wealth Management,2 years,$50K-$150K
Health,Sketching,Photoshop & Illustrator,MBA & Growth Hacking,6 months,$60K-$200K
Social Impact,Python Basics,Investment Strategies,MBA & Growth Hacking,2 years,$70K-$250K
Tech,Etsy Selling,Holistic Coaching,Motion Design Masterclass,1 year,$50K-$150K
E-Commerce,Python Basics,Web Dev Bootcamp,Advanced Dietetics,2 years,$40K-$100K
Finance,Budgeting,Entrepreneurship Course,Wealth Management,1.5 years,$50K-$150K
Wellness,Python Basics,Web Dev Bootcamp,Advanced Dietetics,1.5 years,$50K-$150K
Health,Python Basics,Web Dev Bootcamp,Advanced Dietetics,6 months,$50K-$150K
E-Commerce,Sketching,Entrepreneurship Course,Advanced Dietetics,1.5 years,$70K-$250K
Health,Nutrition,Entrepreneurship Course,Motion Design Masterclass,1 year,$70K-$250K
Creative,Sketching,Web Dev Bootcamp,Wealth Management,2 years,$60K-$200K
Education,Python Basics,Photoshop & Illustrator,Wealth Management,2 years,$50K-$150K
Health,Public Speaking,Holistic Coaching,Advanced Dietetics,1 year,$60K-$200K
Wellness,Sketching,Photoshop & Illustrator,Advanced Dietetics,6 months,$60K-$200K
Wellness,Startup Basics,Photoshop & Illustrator,Wealth Management,1 year,$70K-$250K
Education,Public Speaking,Photoshop & Illustrator,Motion Design Masterclass,1.5 years,$60K-$200K
Social Impact,Sketching,Photoshop & Illustrator,AI/ML Specialization,2 years,$60K-$200K
Education,Nutrition,Entrepreneurship Course,AI/ML Specialization,1.5 years,$60K-$200K
E-Commerce,Nutrition,Photoshop & Illustrator,MBA & Growth Hacking,6 months,$60K-$200K
Wellness,Etsy Selling,Investment Strategies,Motion Design Masterclass,2 years,$60K-$200K
Business,Startup Basics,Web Dev Bootcamp,AI/ML Specialization,2 years,$60K-$200K
Finance,Budgeting,Investment Strategies,AI/ML Specialization,1 year,$60K-$200K
Creative,Startup Basics,Investment Strategies,Wealth Management,1 year,$70K-$250K
Finance,Nutrition,Entrepreneurship Course,MBA & Growth Hacking,1.5 years,$60K-$200K
Creative,Nutrition,Holistic Coaching,Advanced Dietetics,1 year,$60K-$200K
Finance,Budgeting,Investment Strategies,AI/ML Specialization,2 years,$40K-$100K
E-Commerce,Nutrition,Photoshop & Illustrator,Wealth Management,2 years,$50K-$150K
Social Impact,Sketching,Investment Strategies,MBA & Growth Hacking,1.5 years,$60K-$200K
Tech,Sketching,Investment Strategies,Wealth Management,6 months,$70K-$250K
Creative,Sketching,Photoshop & Illustrator,Advanced Dietetics,6 months,$40K-$100K
Finance,Public Speaking,Web Dev Bootcamp,Motion Design Masterclass,2 years,$60K-$200K
E-Commerce,Budgeting,Entrepreneurship Course,AI/ML Specialization,1.5 years,$50K-$150K
Business,Public Speaking,Entrepreneurship Course,Motion Design Masterclass,1 year,$60K-$200K
Tech,Budgeting,Holistic Coaching,Wealth Management,1 year,$70K-$250K
Business,Etsy Selling,Photoshop & Illustrator,MBA & Growth Hacking,1.5 years,$70K-$250K
Tech,Nutrition,Photoshop & Illustrator,Motion Design Masterclass,1 year,$50K-$150K
Business,Startup Basics,Entrepreneurship Course,Wealth Management,1 year,$50K-$150K
Education,Startup Basics,Photoshop & Illustrator,MBA & Growth Hacking,6 months,$40K-$100K
Education,Python Basics,Holistic Coaching,AI/ML Specialization,2 years,$70K-$250K
Education,Python Basics,Investment Strategies,Wealth Management,1 year,$70K-$250K
E-Commerce,Startup Basics,Photoshop & Illustrator,Wealth Management,1 year,$50K-$150K
Education,Budgeting,Holistic Coaching,Advanced Dietetics,6 months,$70K-$250K
Health,Public Speaking,Entrepreneurship Course,MBA & Growth Hacking,1.5 years,$40K-$100K
Wellness,Nutrition,Web Dev Bootcamp,Motion Design Masterclass,1.5 years,$70K-$250K
Creative,Etsy Selling,Holistic Coaching,Advanced Dietetics,6 months,$40K-$100K
Business,Sketching,Photoshop & Illustrator,MBA & Growth Hacking,6 months,$50K-$150K
Education,Public Speaking,Entrepreneurship Course,Motion Design Masterclass,6 months,$40K-$100K
E-Commerce,Startup Basics,Photoshop & Illustrator,MBA & Growth Hacking,1.5 years,$50K-$150K
Health,Public Speaking,Photoshop & Illustrator,Advanced Dietetics,1.5 years,$60K-$200K
Business,Public Speaking,Holistic Coaching,Wealth Management,6 months,$60K-$200K
Health,Python Basics,Holistic Coaching,AI/ML Specialization,1.5 years,$70K-$250K
Creative,Budgeting,Investment Strategies,Wealth Management,1.5 years,$60K-$200K
Creative,Sketching,Holistic Coaching,AI/ML Specialization,2 years,$50K-$150K
Social Impact,Python Basics,Photoshop & Illustrator,Motion Design Masterclass,1 year,$60K-$200K
Finance,Etsy Selling,Holistic Coaching,Wealth Management,1.5 years,$70K-$250K
Tech,Public Speaking,Investment Strategies,Wealth Management,1.5 years,$60K-$200K
Wellness,Public Speaking,Investment Strategies,Advanced Dietetics,6 months,$40K-$100K
Social Impact,Startup Basics,Holistic Coaching,Wealth Management,2 years,$70K-$250K
E-Commerce,Nutrition,Holistic Coaching,AI/ML Specialization,1 year,$50K-$150K
Finance,Budgeting,Web Dev Bootcamp,MBA & Growth Hacking,2 years,$70K-$250K
Education,Python Basics,Entrepreneurship Course,Motion Design Masterclass,1 year,$50K-$150K
Health,Nutrition,Photoshop & Illustrator,AI/ML Specialization,2 years,$70K-$250K
Wellness,Etsy Selling,Entrepreneurship Course,Motion Design Masterclass,1.5 years,$70K-$250K
Finance,Etsy Selling,Investment Strategies,MBA & Growth Hacking,2 years,$60K-$200K
Business,Etsy Selling,Investment Strategies,MBA & Growth Hacking,1 year,$70K-$250K
Business,Public Speaking,Holistic Coaching,AI/ML Specialization,2 years,$70K-$250K
Business,Etsy Selling,Photoshop & Illustrator,AI/ML Specialization,1 year,$60K-$200K
Health,Budgeting,Photoshop & Illustrator,Advanced Dietetics,2 years,$60K-$200K
Finance,Etsy Selling,Web Dev Bootcamp,Advanced Dietetics,2 years,$40K-$100K
Finance,Budgeting,Holistic Coaching,MBA & Growth Hacking,1.5 years,$50K-$150K
Business,Budgeting,Web Dev Bootcamp,Wealth Management,2 years,$40K-$100K
Business,Python Basics,Holistic Coaching,Wealth Management,1 year,$60K-$200K
E-Commerce,Public Speaking,Web Dev Bootcamp,MBA & Growth Hacking,1.5 years,$40K-$100K
Finance,Budgeting,Photoshop & Illustrator,Advanced Dietetics,2 years,$70K-$250K
E-Commerce,Nutrition,Photoshop & Illustrator,Wealth Management,6 months,$60K-$200K
Tech,Python Basics,Photoshop & Illustrator,Advanced Dietetics,6 months,$40K-$100K
Creative,Python Basics,Investment Strategies,Advanced Dietetics,2 years,$70K-$250K
Social Impact,Sketching,Photoshop & Illustrator,MBA & Growth Hacking,1 year,$50K-$150K
Social Impact,Python Basics,Photoshop & Illustrator,Advanced Dietetics,1.5 years,$70K-$250K
Health,Sketching,Entrepreneurship Course,AI/ML Specialization,6 months,$70K-$250K
Social Impact,Etsy Selling,Holistic Coaching,MBA & Growth Hacking,6 months,$70K-$250K
Health,Python Basics,Holistic Coaching,Advanced Dietetics,1 year,$70K-$250K
E-Commerce,Nutrition,Photoshop & Illustrator,AI/ML Specialization,1.5 years,$60K-$200K
Health,Startup Basics,Web Dev Bootcamp,Wealth Management,2 years,$40K-$100K
Business,Nutrition,Investment Strategies,Advanced Dietetics,2 years,$40K-$100K
E-Commerce,Public Speaking,Photoshop & Illustrator,MBA & Growth Hacking,1.5 years,$70K-$250K
Education,Nutrition,Investment Strategies,Advanced Dietetics,6 months,$60K-$200K
E-Commerce,Python Basics,Investment Strategies,MBA & Growth Hacking,2 years,$50K-$150K
Finance,Sketching,Holistic Coaching,MBA & Growth Hacking,6 months,$50K-$150K
Wellness,Public Speaking,Investment Strategies,AI/ML Specialization,1 year,$40K-$100K
Education,Budgeting,Entrepreneurship Course,Advanced Dietetics,6 months,$70K-$250K
Business,Etsy Selling,Investment Strategies,Wealth Management,6 months,$70K-$250K
Finance,Sketching,Entrepreneurship Course,Motion Design Masterclass,2 years,$40K-$100K
Creative,Startup Basics,Entrepreneurship Course,AI/ML Specialization,1 year,$40K-$100K
Health,Etsy Selling,Web Dev Bootcamp,Motion Design Masterclass,1.5 years,$50K-$150K
Health,Startup Basics,Photoshop & Illustrator,Wealth Management,1 year,$60K-$200K
Finance,Sketching,Holistic Coaching,Motion Design Masterclass,6 months,$40K-$100K
Creative,Sketching,Photoshop & Illustrator,Wealth Management,1 year,$60K-$200K
Creative,Budgeting,Entrepreneurship Course,Motion Design Masterclass,6 months,$60K-$200K
Wellness,Nutrition,Investment Strategies,Wealth Management,1 year,$50K-$150K
Tech,Startup Basics,Holistic Coaching,Motion Design Masterclass,1.5 years,$60K-$200K
E-Commerce,Nutrition,Web Dev Bootcamp,Advanced Dietetics,2 years,$50K-$150K
Wellness,Public Speaking,Entrepreneurship Course,MBA & Growth Hacking,1 year,$50K-$150K
Business,Startup Basics,Investment Strategies,Wealth Management,6 months,$60K-$200K
Creative,Nutrition,Entrepreneurship Course,AI/ML Specialization,1 year,$60K-$200K
Creative,Nutrition,Entrepreneurship Course,AI/ML Specialization,6 months,$70K-$250K
Wellness,Budgeting,Holistic Coaching,AI/ML Specialization,2 years,$60K-$200K
Education,Startup Basics,Web Dev Bootcamp,Motion Design Masterclass,6 months,$70K-$250K
Health,Python Basics,Investment Strategies,AI/ML Specialization,6 months,$70K-$250K
Wellness,Nutrition,Entrepreneurship Course,Wealth Management,6 months,$50K-$150K
Tech,Sketching,Web Dev Bootcamp,Motion Design Masterclass,6 months,$50K-$150K
E-Commerce,Python Basics,Holistic Coaching,Motion Design Masterclass,6 months,$50K-$150K
Business,Etsy Selling,Holistic Coaching,Advanced Dietetics,6 months,$50K-$150K
Education,Nutrition,Web Dev Bootcamp,Advanced Dietetics,1 year,$60K-$200K
Health,Nutrition,Web Dev Bootcamp,Advanced Dietetics,6 months,$70K-$250K
Finance,Sketching,Holistic Coaching,AI/ML Specialization,1.5 years,$60K-$200K
Finance,Budgeting,Web Dev Bootcamp,AI/ML Specialization,1.5 years,$40K-$100K
Finance,Etsy Selling,Photoshop & Illustrator,AI/ML Specialization,6 months,$70K-$250K
Social Impact,Public Speaking,Holistic Coaching,Advanced Dietetics,2 years,$70K-$250K
E-Commerce,Nutrition,Entrepreneurship Course,Wealth Management,1.5 years,$40K-$100K
E-Commerce,Public Speaking,Holistic Coaching,AI/ML Specialization,1.5 years,$40K-$100K
Social Impact,Public Speaking,Web Dev Bootcamp,MBA & Growth Hacking,1.5 years,$60K-$200K
Social Impact,Public Speaking,Entrepreneurship Course,AI/ML Specialization,2 years,$50K-$150K
Wellness,Sketching,Entrepreneurship Course,AI/ML Specialization,1.5 years,$60K-$200K
Tech,Startup Basics,Entrepreneurship Course,Advanced Dietetics,6 months,$70K-$250K
Tech,Startup Basics,Holistic Coaching,MBA & Growth Hacking,6 months,$70K-$250K
Education,Public Speaking,Web Dev Bootcamp,Motion Design Masterclass,1 year,$50K-$150K
Business,Etsy Selling,Entrepreneurship Course,MBA & Growth Hacking,2 years,$50K-$150K
Education,Nutrition,Investment Strategies,Wealth Management,2 years,$40K-$100K
Tech,Etsy Selling,Entrepreneurship Course,Motion Design Masterclass,2 years,$40K-$100K
Creative,Sketching,Investment Strategies,AI/ML Specialization,1.5 years,$40K-$100K
Health,Nutrition,Web Dev Bootcamp,Advanced Dietetics,1 year,$60K-$200K
Social Impact,Public Speaking,Web Dev Bootcamp,AI/ML Specialization,1.5 years,$40K-$100K
Finance,Sketching,Holistic Coaching,AI/ML Specialization,1.5 years,$40K-$100K
Tech,Etsy Selling,Investment Strategies,Motion Design Masterclass,1.5 years,$50K-$150K
Health,Nutrition,Holistic Coaching,MBA & Growth Hacking,6 months,$70K-$250K
Creative,Nutrition,Photoshop & Illustrator,Motion Design Masterclass,1.5 years,$60K-$200K
Finance,Nutrition,Web Dev Bootcamp,Wealth Management,2 years,$50K-$150K
Social Impact,Startup Basics,Entrepreneurship Course,Advanced Dietetics,6 months,$40K-$100K
Education,Etsy Selling,Entrepreneurship Course,AI/ML Specialization,1.5 years,$50K-$150K
E-Commerce,Nutrition,Web Dev Bootcamp,AI/ML Specialization,2 years,$70K-$250K
Tech,Nutrition,Web Dev Bootcamp,AI/ML Specialization,2 years,$60K-$200K
Health,Nutrition,Holistic Coaching,MBA & Growth Hacking,1 year,$70K-$250K
Health,Etsy Selling,Web Dev Bootcamp,Wealth Management,1.5 years,$40K-$100K
Wellness,Budgeting,Web Dev Bootcamp,Motion Design Masterclass,1 year,$50K-$150K
Education,Nutrition,Entrepreneurship Course,AI/ML Specialization,1 year,$70K-$250K
Social Impact,Budgeting,Investment Strategies,Advanced Dietetics,1 year,$50K-$150K
Education,Startup Basics,Holistic Coaching,Wealth Management,1 year,$40K-$100K
Education,Sketching,Entrepreneurship Course,MBA & Growth Hacking,6 months,$70K-$250K
Health,Startup Basics,Photoshop & Illustrator,Motion Design Masterclass,2 years,$60K-$200K
Wellness,Nutrition,Holistic Coaching,Advanced Dietetics,2 years,$60K-$200K
Social Impact,Sketching,Web Dev Bootcamp,AI/ML Specialization,2 years,$60K-$200K
Education,Sketching,Web Dev Bootcamp,Motion Design Masterclass,2 years,$50K-$150K
Wellness,Public Speaking,Web Dev Bootcamp,Advanced Dietetics,1.5 years,$70K-$250K
Tech,Etsy Selling,Photoshop & Illustrator,MBA & Growth Hacking,1 year,$50K-$150K
E-Commerce,Public Speaking,Investment Strategies,Motion Design Masterclass,1.5 years,$50K-$150K
Finance,Public Speaking,Entrepreneurship Course,Motion Design Masterclass,2 years,$60K-$200K
E-Commerce,Budgeting,Web Dev Bootcamp,MBA & Growth Hacking,6 months,$40K-$100K
Education,Public Speaking,Holistic Coaching,AI/ML Specialization,2 years,$50K-$150K
E-Commerce,Sketching,Holistic Coaching,AI/ML Specialization,1 year,$60K-$200K
Social Impact,Etsy Selling,Web Dev Bootcamp,Advanced Dietetics,1.5 years,$70K-$250K
Creative,Budgeting,Holistic Coaching,MBA & Growth Hacking,1 year,$50K-$150K
Education,Etsy Selling,Photoshop & Illustrator,Motion Design Masterclass,1 year,$70K-$250K
Education,Budgeting,Photoshop & Illustrator,Advanced Dietetics,6 months,$70K-$250K
Social Impact,Sketching,Web Dev Bootcamp,Motion Design Masterclass,1 year,$70K-$250K
Business,Python Basics,Entrepreneurship Course,Wealth Management,6 months,$70K-$250K
Business,Startup Basics,Web Dev Bootcamp,Wealth Management,1.5 years,$60K-$200K
Education,Budgeting,Entrepreneurship Course,Wealth Management,1 year,$70K-$250K
Finance,Etsy Selling,Photoshop & Illustrator,MBA & Growth Hacking,1.5 years,$50K-$150K
Wellness,Etsy Selling,Web Dev Bootcamp,AI/ML Specialization,2 years,$60K-$200K
Wellness,Startup Basics,Investment Strategies,Advanced Dietetics,2 years,$60K-$200K
Creative,Startup Basics,Entrepreneurship Course,MBA & Growth Hacking,1 year,$70K-$250K
Tech,Etsy Selling,Holistic Coaching,AI/ML Specialization,1 year,$70K-$250K
Finance,Sketching,Holistic Coaching,Advanced Dietetics,1 year,$70K-$250K
E-Commerce,Python Basics,Holistic Coaching,MBA & Growth Hacking,2 years,$50K-$150K
Education,Public Speaking,Photoshop & Illustrator,Advanced Dietetics,1.5 years,$40K-$100K
Social Impact,Budgeting,Investment Strategies,AI/ML Specialization,6 months,$50K-$150K
Wellness,Public Speaking,Holistic Coaching,Wealth Management,1 year,$40K-$100K
Business,Python Basics,Photoshop & Illustrator,MBA & Growth Hacking,1.5 years,$60K-$200K
E-Commerce,Sketching,Photoshop & Illustrator,Advanced Dietetics,2 years,$50K-$150K
Social Impact,Nutrition,Entrepreneurship Course,MBA & Growth Hacking,1 year,$70K-$250K
Social Impact,Etsy Selling,Entrepreneurship Course,MBA & Growth Hacking,2 years,$50K-$150K
Business,Public Speaking,Web Dev Bootcamp,Motion Design Masterclass,2 years,$70K-$250K
Tech,Etsy Selling,Holistic Coaching,AI/ML Specialization,2 years,$40K-$100K
Creative,Sketching,Web Dev Bootcamp,AI/ML Specialization,1 year,$40K-$100K
Tech,Startup Basics,Holistic Coaching,MBA & Growth Hacking,1 year,$70K-$250K
Finance,Nutrition,Holistic Coaching,Advanced Dietetics,2 years,$50K-$150K
Creative,Etsy Selling,Entrepreneurship Course,MBA & Growth Hacking,6 months,$40K-$100K
Education,Nutrition,Entrepreneurship Course,Advanced Dietetics,1 year,$40K-$100K
Business,Public Speaking,Investment Strategies,AI/ML Specialization,2 years,$60K-$200K
Social Impact,Budgeting,Holistic Coaching,Motion Design Masterclass,2 years,$60K-$200K
Social Impact,Python Basics,Web Dev Bootcamp,AI/ML Specialization,2 years,$70K-$250K
Health,Public Speaking,Investment Strategies,Wealth Management,1 year,$50K-$150K
Creative,Public Speaking,Holistic Coaching,AI/ML Specialization,1.5 years,$50K-$150K
Business,Python Basics,Photoshop & Illustrator,MBA & Growth Hacking,1.5 years,$50K-$150K
Finance,Sketching,Web Dev Bootcamp,Advanced Dietetics,1.5 years,$70K-$250K
Education,Budgeting,Photoshop & Illustrator,Advanced Dietetics,6 months,$70K-$250K
Tech,Python Basics,Web Dev Bootcamp,Wealth Management,2 years,$70K-$250K
Social Impact,Etsy Selling,Entrepreneurship Course,Advanced Dietetics,2 years,$50K-$150K
Health,Nutrition,Entrepreneurship Course,MBA & Growth Hacking,6 months,$70K-$250K
Tech,Sketching,Holistic Coaching,Motion Design Masterclass,1 year,$60K-$200K
Health,Python Basics,Holistic Coaching,AI/ML Specialization,1 year,$70K-$250K
Education,Nutrition,Investment Strategies,Advanced Dietetics,1.5 years,$60K-$200K
Social Impact,Python Basics,Holistic Coaching,Advanced Dietetics,1 year,$60K-$200K
Finance,Public Speaking,Web Dev Bootcamp,Motion Design Masterclass,1.5 years,$70K-$250K
E-Commerce,Python Basics,Holistic Coaching,AI/ML Specialization,2 years,$50K-$150K
Education,Startup Basics,Web Dev Bootcamp,Motion Design Masterclass,1.5 years,$40K-$100K
Social Impact,Etsy Selling,Photoshop & Illustrator,AI/ML Specialization,6 months,$50K-$150K
Tech,Sketching,Web Dev Bootcamp,AI/ML Specialization,2 years,$50K-$150K
Health,Etsy Selling,Photoshop & Illustrator,MBA & Growth Hacking,6 months,$70K-$250K
Health,Sketching,Web Dev Bootcamp,Advanced Dietetics,6 months,$60K-$200K
Health,Sketching,Holistic Coaching,MBA & Growth Hacking,2 years,$50K-$150K
Education,Public Speaking,Holistic Coaching,Advanced Dietetics,6 months,$70K-$250K
Social Impact,Startup Basics,Photoshop & Illustrator,MBA & Growth Hacking,2 years,$60K-$200K
Finance,Public Speaking,Photoshop & Illustrator,AI/ML Specialization,1 year,$50K-$150K
Business,Etsy Selling,Web Dev Bootcamp,Advanced Dietetics,2 years,$50K-$150K
Tech,Sketching,Web Dev Bootcamp,MBA & Growth Hacking,1 year,$60K-$200K
Health,Sketching,Entrepreneurship Course,MBA & Growth Hacking,1 year,$40K-$100K
Social Impact,Budgeting,Investment Strategies,MBA & Growth Hacking,6 months,$60K-$200K
Creative,Etsy Selling,Photoshop & Illustrator,Wealth Management,6 months,$40K-$100K
Wellness,Sketching,Photoshop & Illustrator,Motion Design Masterclass,2 years,$40K-$100K
E-Commerce,Python Basics,Entrepreneurship Course,Motion Design Masterclass,1.5 years,$50K-$150K
Business,Etsy Selling,Investment Strategies,MBA & Growth Hacking,1 year,$60K-$200K
Tech,Sketching,Entrepreneurship Course,Advanced Dietetics,1 year,$60K-$200K
E-Commerce,Budgeting,Web Dev Bootcamp,AI/ML Specialization,1.5 years,$70K-$250K
Creative,Nutrition,Investment Strategies,MBA & Growth Hacking,1.5 years,$70K-$250K
Health,Budgeting,Entrepreneurship Course,MBA & Growth Hacking,1.5 years,$50K-$150K
Tech,Etsy Selling,Entrepreneurship Course,AI/ML Specialization,6 months,$70K-$250K
Finance,Public Speaking,Web Dev Bootcamp,Advanced Dietetics,2 years,$60K-$200K
Finance,Nutrition,Investment Strategies,MBA & Growth Hacking,2 years,$60K-$200K
E-Commerce,Startup Basics,Investment Strategies,AI/ML Specialization,1.5 years,$40K-$100K
Education,Nutrition,Web Dev Bootcamp,AI/ML Specialization,1 year,$40K-$100K
Education,Public Speaking,Photoshop & Illustrator,MBA & Growth Hacking,2 years,$40K-$100K
Business,Python Basics,Web Dev Bootcamp,AI/ML Specialization,1.5 years,$70K-$250K
Wellness,Public Speaking,Holistic Coaching,AI/ML Specialization,2 years,$40K-$100K
E-Commerce,Startup Basics,Entrepreneurship Course,MBA & Growth Hacking,2 years,$70K-$250K
Social Impact,Startup Basics,Holistic Coaching,Wealth Management,1 year,$40K-$100K
Finance,Etsy Selling,Holistic Coaching,Advanced Dietetics,1 year,$60K-$200K
Social Impact,Nutrition,Photoshop & Illustrator,Advanced Dietetics,6 months,$70K-$250K
Finance,Python Basics,Investment Strategies,MBA & Growth Hacking,1 year,$50K-$150K
E-Commerce,Budgeting,Web Dev Bootcamp,AI/ML Specialization,1.5 years,$40K-$100K
Education,Budgeting,Investment Strategies,MBA & Growth Hacking,1.5 years,$60K-$200K
Education,Startup Basics,Web Dev Bootcamp,Wealth Management,1.5 years,$70K-$250K
Creative,Budgeting,Entrepreneurship Course,Motion Design Masterclass,6 months,$50K-$150K
Business,Public Speaking,Photoshop & Illustrator,Motion Design Masterclass,2 years,$60K-$200K
Tech,Sketching,Investment Strategies,Wealth Management,2 years,$40K-$100K
Tech,Sketching,Photoshop & Illustrator,Motion Design Masterclass,6 months,$70K-$250K
Finance,Etsy Selling,Entrepreneurship Course,Motion Design Masterclass,1.5 years,$40K-$100K
Finance,Nutrition,Entrepreneurship Course,AI/ML Specialization,6 months,$40K-$100K
Social Impact,Python Basics,Investment Strategies,Wealth Management,6 months,$60K-$200K
E-Commerce,Budgeting,Web Dev Bootcamp,Advanced Dietetics,2 years,$40K-$100K
Health,Sketching,Investment Strategies,Advanced Dietetics,1.5 years,$50K-$150K
Health,Budgeting,Photoshop & Illustrator,Motion Design Masterclass,2 years,$50K-$150K
Business,Public Speaking,Investment Strategies,AI/ML Specialization,1 year,$50K-$150K
E-Commerce,Nutrition,Photoshop & Illustrator,Motion Design Masterclass,6 months,$50K-$150K
Creative,Sketching,Holistic Coaching,AI/ML Specialization,1.5 years,$70K-$250K
Creative,Sketching,Web Dev Bootcamp,Wealth Management,6 months,$40K-$100K
Wellness,Budgeting,Investment Strategies,AI/ML Specialization,1.5 years,$50K-$150K
E-Commerce,Etsy Selling,Entrepreneurship Course,Advanced Dietetics,1.5 years,$70K-$250K
Wellness,Etsy Selling,Entrepreneurship Course,Wealth Management,1.5 years,$60K-$200K
Creative,Sketching,Photoshop & Illustrator,Advanced Dietetics,6 months,$60K-$200K
Business,Python Basics,Photoshop & Illustrator,MBA & Growth Hacking,1 year,$50K-$150K
Business,Etsy Selling,Web Dev Bootcamp,Wealth Management,1 year,$40K-$100K
Finance,Python Basics,Web Dev Bootcamp,Motion Design Masterclass,6 months,$40K-$100K
Creative,Public Speaking,Web Dev Bootcamp,AI/ML Specialization,1 year,$40K-$100K
Social Impact,Python Basics,Photoshop & Illustrator,Advanced Dietetics,6 months,$70K-$250K
Business,Sketching,Holistic Coaching,Wealth Management,2 years,$50K-$150K
Business,Python Basics,Entrepreneurship Course,MBA & Growth Hacking,1 year,$40K-$100K
Tech,Python Basics,Web Dev Bootcamp,AI/ML Specialization,2 years,$60K-$200K
Business,Etsy Selling,Photoshop & Illustrator,MBA & Growth Hacking,1 year,$50K-$150K
Creative,Etsy Selling,Photoshop & Illustrator,Advanced Dietetics,2 years,$50K-$150K
E-Commerce,Python Basics,Photoshop & Illustrator,Advanced Dietetics,1.5 years,$60K-$200K
Creative,Budgeting,Photoshop & Illustrator,Motion Design Masterclass,6 months,$40K-$100K
Social Impact,Startup Basics,Entrepreneurship Course,Motion Design Masterclass,6 months,$60K-$200K
E-Commerce,Etsy Selling,Holistic Coaching,Wealth Management,1 year,$60K-$200K
Business,Sketching,Investment Strategies,MBA & Growth Hacking,1 year,$50K-$150K
Wellness,Budgeting,Investment Strategies,AI/ML Specialization,2 years,$40K-$100K
Creative,Etsy Selling,Holistic Coaching,AI/ML Specialization,2 years,$40K-$100K
E-Commerce,Nutrition,Photoshop & Illustrator,AI/ML Specialization,2 years,$40K-$100K
Education,Nutrition,Holistic Coaching,Motion Design Masterclass,1.5 years,$50K-$150K
Tech,Startup Basics,Holistic Coaching,AI/ML Specialization,1 year,$50K-$150K
Health,Python Basics,Holistic Coaching,Advanced Dietetics,2 years,$40K-$100K
Creative,Budgeting,Holistic Coaching,Wealth Management,2 years,$50K-$150K
Wellness,Public Speaking,Web Dev Bootcamp,Wealth Management,6 months,$50K-$150K
Education,Public Speaking,Investment Strategies,Advanced Dietetics,1.5 years,$60K-$200K
Tech,Budgeting,Investment Strategies,Motion Design Masterclass,1 year,$60K-$200K
Social Impact,Sketching,Investment Strategies,Motion Design Masterclass,1.5 years,$60K-$200K
Finance,Budgeting,Web Dev Bootcamp,AI/ML Specialization,6 months,$60K-$200K
Health,Budgeting,Holistic Coaching,Motion Design Masterclass,1 year,$60K-$200K
Social Impact,Startup Basics,Web Dev Bootcamp,AI/ML Specialization,1 year,$60K-$200K
Health,Budgeting,Investment Strategies,Wealth Management,6 months,$50K-$150K
Health,Python Basics,Web Dev Bootcamp,Advanced Dietetics,6 months,$70K-$250K
Tech,Public Speaking,Photoshop & Illustrator,Advanced Dietetics,1.5 years,$50K-$150K
Creative,Sketching,Web Dev Bootcamp,Motion Design Masterclass,2 years,$50K-$150K
Wellness,Etsy Selling,Photoshop & Illustrator,Advanced Dietetics,6 months,$60K-$200K
Social Impact,Budgeting,Photoshop & Illustrator,Wealth Management,2 years,$60K-$200K
E-Commerce,Etsy Selling,Holistic Coaching,AI/ML Specialization,2 years,$60K-$200K
Creative,Public Speaking,Web Dev Bootcamp,Wealth Management,1 year,$50K-$150K
Education,Etsy Selling,Entrepreneurship Course,AI/ML Specialization,1.5 years,$40K-$100K
Tech,Public Speaking,Web Dev Bootcamp,MBA & Growth Hacking,6 months,$40K-$100K
Creative,Python Basics,Photoshop & Illustrator,Wealth Management,6 months,$70K-$250K
Creative,Etsy Selling,Holistic Coaching,Motion Design Masterclass,6 months,$70K-$250K
E-Commerce,Budgeting,Web Dev Bootcamp,AI/ML Specialization,6 months,$40K-$100K
Business,Budgeting,Investment Strategies,Advanced Dietetics,1 year,$60K-$200K
Wellness,Etsy Selling,Holistic Coaching,Advanced Dietetics,2 years,$50K-$150K
Creative,Budgeting,Holistic Coaching,Advanced Dietetics,1.5 years,$70K-$250K
Finance,Startup Basics,Photoshop & Illustrator,Wealth Management,6 months,$60K-$200K
E-Commerce,Public Speaking,Holistic Coaching,Wealth Management,1 year,$70K-$250K
Social Impact,Etsy Selling,Photoshop & Illustrator,MBA & Growth Hacking,6 months,$70K-$250K
Finance,Nutrition,Entrepreneurship Course,AI/ML Specialization,1.5 years,$40K-$100K
Social Impact,Etsy Selling,Holistic Coaching,Advanced Dietetics,1 year,$70K-$250K
Health,Etsy Selling,Entrepreneurship Course,AI/ML Specialization,2 years,$50K-$150K
E-Commerce,Startup Basics,Holistic Coaching,Advanced Dietetics,1.5 years,$70K-$250K
Business,Public Speaking,Holistic Coaching,Motion Design Masterclass,1.5 years,$50K-$150K
Education,Budgeting,Entrepreneurship Course,Wealth Management,1.5 years,$70K-$250K
Health,Nutrition,Holistic Coaching,Motion Design Masterclass,1 year,$60K-$200K
Social Impact,Sketching,Investment Strategies,AI/ML Specialization,1.5 years,$40K-$100K
E-Commerce,Startup Basics,Holistic Coaching,Advanced Dietetics,6 months,$40K-$100K
E-Commerce,Python Basics,Entrepreneurship Course,Advanced Dietetics,1 year,$60K-$200K
Social Impact,Nutrition,Investment Strategies,MBA & Growth Hacking,1.5 years,$70K-$250K
Business,Public Speaking,Investment Strategies,Motion Design Masterclass,2 years,$70K-$250K
Health,Public Speaking,Photoshop & Illustrator,Wealth Management,2 years,$60K-$200K
Tech,Startup Basics,Holistic Coaching,Wealth Management,1.5 years,$50K-$150K
Business,Startup Basics,Holistic Coaching,AI/ML Specialization,1.5 years,$70K-$250K
Education,Nutrition,Entrepreneurship Course,Advanced Dietetics,1 year,$40K-$100K
Finance,Budgeting,Photoshop & Illustrator,MBA & Growth Hacking,2 years,$70K-$250K
Tech,Nutrition,Investment Strategies,Motion Design Masterclass,1 year,$50K-$150K
Finance,Sketching,Web Dev Bootcamp,Wealth Management,1.5 years,$70K-$250K
Creative,Budgeting,Holistic Coaching,Advanced Dietetics,2 years,$40K-$100K
Health,Python Basics,Investment Strategies,Wealth Management,6 months,$60K-$200K
Creative,Sketching,Holistic Coaching,MBA & Growth Hacking,6 months,$40K-$100K
Social Impact,Budgeting,Web Dev Bootcamp,Motion Design Masterclass,6 months,$70K-$250K
Creative,Etsy Selling,Holistic Coaching,Motion Design Masterclass,2 years,$60K-$200K
Education,Startup Basics,Entrepreneurship Course,Advanced Dietetics,1.5 years,$60K-$200K
Education,Startup Basics,Web Dev Bootcamp,Wealth Management,1 year,$60K-$200K
Tech,Etsy Selling,Entrepreneurship Course,Advanced Dietetics,1.5 years,$40K-$100K
Business,Nutrition,Web Dev Bootcamp,Wealth Management,6 months,$60K-$200K
Wellness,Budgeting,Web Dev Bootcamp,Motion Design Masterclass,1.5 years,$60K-$200K
Creative,Budgeting,Holistic Coaching,Advanced Dietetics,2 years,$70K-$250K
Creative,Public Speaking,Photoshop & Illustrator,Advanced Dietetics,1 year,$50K-$150K
Finance,Budgeting,Entrepreneurship Course,Motion Design Masterclass,2 years,$60K-$200K
Health,Sketching,Web Dev Bootcamp,Wealth Management,1.5 years,$60K-$200K
Wellness,Budgeting,Investment Strategies,MBA & Growth Hacking,6 months,$70K-$250K
Education,Sketching,Photoshop & Illustrator,Wealth Management,2 years,$70K-$250K
Health,Startup Basics,Photoshop & Illustrator,MBA & Growth Hacking,1 year,$70K-$250K
Social Impact,Public Speaking,Investment Strategies,Wealth Management,1.5 years,$60K-$200K
Social Impact,Nutrition,Photoshop & Illustrator,MBA & Growth Hacking,1 year,$70K-$250K
Wellness,Public Speaking,Web Dev Bootcamp,MBA & Growth Hacking,2 years,$40K-$100K
Education,Python Basics,Photoshop & Illustrator,Motion Design Masterclass,2 years,$40K-$100K
E-Commerce,Budgeting,Web Dev Bootcamp,Advanced Dietetics,2 years,$50K-$150K
Tech,Budgeting,Investment Strategies,Wealth Management,1 year,$40K-$100K
Tech,Budgeting,Web Dev Bootcamp,Wealth Management,2 years,$40K-$100K
Education,Budgeting,Entrepreneurship Course,MBA & Growth Hacking,2 years,$50K-$150K
Business,Startup Basics,Photoshop & Illustrator,AI/ML Specialization,1 year,$40K-$100K
Business,Nutrition,Web Dev Bootcamp,MBA & Growth Hacking,6 months,$40K-$100K
Cooking,Basic Cooking Skills,Advanced Cooking Techniques,Professional Chef Training,3 months,Low
Baking,Introduction to Baking,Cake Decoration,Pastry & Confectionery,4 months,Medium
Painting,Sketching Basics,Oil Painting,Abstract Art,5 months,High
Calligraphy,Basic Lettering Styles,Brush Pen Calligraphy,Copperplate Calligraphy,6 months,Very High
Photography,Camera Handling,Photo Composition,Portrait Photography,1 year,Freelance Earnings
Music,Basic Instrument Training,Music Theory,Composing Music,3 months,Low
Dance,Fundamental Dance Moves,Choreography Basics,Stage Performance,4 months,Medium
Handmade Crafts,Paper Crafting,Advanced Crafting Techniques,Master Craftsmanship,5 months,High
Fashion Designing,Drawing Fashion Sketches,Pattern Making,Fashion Brand Launch,6 months,Very High
Digital Marketing,SEO Basics,PPC & Social Ads,Full-Funnel Digital Marketing,1 year,Freelance Earnings
Content Writing,Creative Writing Techniques,Freelance Writing,Self-Publishing,3 months,Low
Graphic Design,Introduction to Photoshop,Logo Designing,UX/UI Design,4 months,Medium
Social Media Management,Social Media Basics,Content Strategy,Brand Consulting,5 months,High
Yoga,Beginner Yoga Poses,Meditation Techniques,Therapeutic Yoga,6 months,Very High
Personal Training,Fundamentals of Exercise,Strength Training,Sports & Athlete Training,1 year,Freelance Earnings
Pet Grooming,Dog Handling,Animal Psychology,Exotic Pet Care,3 months,Low
Organic Farming,Basics of Organic Gardening,Soil Management,Sustainable Farming,4 months,Medium
Mental Health Counseling,Introduction to Psychology,Therapy Techniques,Clinical Counseling,5 months,High
Career Coaching,Fundamentals of Career Growth,Resume Writing & Branding,Executive Coaching,6 months,Very High
Podcasting,Starting a Podcast,Podcast Monetization,Podcast Growth Strategies,1 year,Freelance Earnings
E-commerce,E-commerce Basics,Dropshipping,E-commerce Scaling,3 months,Low
3D Printing,3D Design Basics,Slicing & 3D Printing,3D Model Customization,4 months,Medium
AI Content Creation,AI-Powered Writing,GPT-Based Content Writing,AI-Generated Copywriting,5 months,High
Freelance Video Editing,Editing with Premiere Pro,Advanced Editing,Film Editing,6 months,Very High
Blockchain & NFTs,Blockchain Introduction,Smart Contracts,Decentralized Applications,1 year,Freelance Earnings
