Skill_Name,Industry,Demand_Level,Job_Role_Examples,Earning_Potential
Social Media Marketing,Wellness,High,Amazon Seller,$50K-$120K
E-Commerce Management,Creative,Medium,AI Researcher,$60K-$150K
Cybersecurity,Health,Low,Leadership Consultant,$60K-$150K
Leadership Development,Education,Medium,AI Researcher,$80K-$200K
Leadership Development,E-Commerce,High,Investment Advisor,$70K-$180K
Financial Analysis,Health,High,Security Analyst,$50K-$120K
UX/UI Design,Finance,Medium,AI Researcher,$70K-$180K
Mental Health Coaching,Creative,Medium,AI Researcher,$80K-$200K
Financial Analysis,Finance,Low,Amazon Seller,$60K-$150K
Leadership Development,Education,Medium,Security Analyst,$60K-$150K
Data Science,Health,Low,Brand Strategist,$70K-$180K
Cybersecurity,E-Commerce,High,Therapist,$60K-$150K
Financial Analysis,Education,Medium,Security Analyst,$60K-$150K
Financial Analysis,Social Impact,Medium,Investment Advisor,$80K-$200K
Social Media Marketing,E-Commerce,Low,Investment Advisor,$50K-$120K
Cybersecurity,Finance,Medium,Security Analyst,$70K-$180K
Financial Analysis,Wellness,High,Investment Advisor,$80K-$200K
Financial Analysis,Business,Low,Amazon Seller,$50K-$120K
Mental Health Coaching,Business,Low,Product Designer,$70K-$180K
Social Media Marketing,Social Impact,Low,Therapist,$60K-$150K
E-Commerce Management,Finance,Medium,Leadership Consultant,$50K-$120K
E-Commerce Management,Tech,Medium,Amazon Seller,$50K-$120K
Social Media Marketing,Tech,High,Leadership Consultant,$80K-$200K
UX/UI Design,Business,Low,Product Designer,$50K-$120K
Data Science,Creative,Low,Therapist,$80K-$200K
Leadership Development,Tech,High,Amazon Seller,$60K-$150K
Leadership Development,E-Commerce,Low,Brand Strategist,$80K-$200K
E-Commerce Management,Creative,High,Amazon Seller,$60K-$150K
UX/UI Design,Tech,Low,Data Analyst,$70K-$180K
Financial Analysis,Health,Medium,Therapist,$70K-$180K
Leadership Development,Social Impact,High,AI Researcher,$60K-$150K
Leadership Development,Health,Low,AI Researcher,$70K-$180K
Mental Health Coaching,E-Commerce,High,AI Researcher,$80K-$200K
Cybersecurity,Tech,Medium,Product Designer,$60K-$150K
AI & Automation,Social Impact,Medium,Amazon Seller,$80K-$200K
Mental Health Coaching,Finance,Low,Amazon Seller,$50K-$120K
E-Commerce Management,Tech,Medium,Data Analyst,$70K-$180K
E-Commerce Management,Education,High,Therapist,$70K-$180K
Cybersecurity,Creative,Medium,Therapist,$80K-$200K
Social Media Marketing,Creative,Low,Leadership Consultant,$70K-$180K
Financial Analysis,Social Impact,Medium,Therapist,$80K-$200K
AI & Automation,Creative,Low,Amazon Seller,$50K-$120K
E-Commerce Management,Wellness,High,Product Designer,$80K-$200K
Cybersecurity,Social Impact,High,Product Designer,$80K-$200K
E-Commerce Management,Creative,High,Therapist,$50K-$120K
Cybersecurity,Finance,High,Therapist,$70K-$180K
Mental Health Coaching,Tech,High,Data Analyst,$50K-$120K
Social Media Marketing,Creative,Low,Investment Advisor,$80K-$200K
Social Media Marketing,Tech,High,Amazon Seller,$80K-$200K
UX/UI Design,Social Impact,Medium,Therapist,$80K-$200K
Social Media Marketing,Wellness,Low,Therapist,$60K-$150K
Data Science,Health,High,Product Designer,$80K-$200K
E-Commerce Management,Business,High,Investment Advisor,$50K-$120K
Leadership Development,Creative,High,Security Analyst,$80K-$200K
Cybersecurity,Finance,Low,Security Analyst,$80K-$200K
AI & Automation,Education,High,Investment Advisor,$80K-$200K
Mental Health Coaching,Tech,Low,Leadership Consultant,$50K-$120K
Mental Health Coaching,Creative,Low,Leadership Consultant,$50K-$120K
Data Science,E-Commerce,High,Leadership Consultant,$70K-$180K
Data Science,E-Commerce,Medium,Amazon Seller,$80K-$200K
Mental Health Coaching,Business,Medium,Data Analyst,$70K-$180K
Cybersecurity,Creative,Low,Product Designer,$70K-$180K
Mental Health Coaching,Social Impact,Medium,Leadership Consultant,$50K-$120K
E-Commerce Management,Health,Low,Product Designer,$80K-$200K
Mental Health Coaching,Creative,Medium,AI Researcher,$60K-$150K
AI & Automation,Social Impact,High,Product Designer,$70K-$180K
E-Commerce Management,Creative,Low,Leadership Consultant,$80K-$200K
E-Commerce Management,Health,High,Investment Advisor,$60K-$150K
UX/UI Design,Health,High,Security Analyst,$80K-$200K
E-Commerce Management,Education,High,Amazon Seller,$70K-$180K
Social Media Marketing,Education,High,Leadership Consultant,$80K-$200K
UX/UI Design,Education,Low,Leadership Consultant,$80K-$200K
Social Media Marketing,Tech,Medium,Product Designer,$70K-$180K
E-Commerce Management,Finance,Low,Leadership Consultant,$60K-$150K
E-Commerce Management,Health,Medium,Product Designer,$80K-$200K
E-Commerce Management,Social Impact,Low,Amazon Seller,$60K-$150K
UX/UI Design,Finance,Medium,Brand Strategist,$60K-$150K
Leadership Development,Finance,High,Brand Strategist,$70K-$180K
Social Media Marketing,Wellness,Low,Brand Strategist,$50K-$120K
E-Commerce Management,Wellness,Medium,Therapist,$80K-$200K
AI & Automation,Tech,Medium,Therapist,$70K-$180K
Leadership Development,E-Commerce,Low,Product Designer,$70K-$180K
AI & Automation,Social Impact,Medium,Product Designer,$50K-$120K
Data Science,Education,Medium,Product Designer,$70K-$180K
Leadership Development,Education,Medium,Therapist,$70K-$180K
Financial Analysis,E-Commerce,Low,AI Researcher,$80K-$200K
Data Science,Creative,High,Leadership Consultant,$80K-$200K
Social Media Marketing,Creative,Low,Leadership Consultant,$50K-$120K
AI & Automation,Health,Medium,Therapist,$60K-$150K
Leadership Development,Tech,Medium,Brand Strategist,$80K-$200K
UX/UI Design,Business,Medium,Data Analyst,$80K-$200K
Mental Health Coaching,Wellness,Medium,Amazon Seller,$60K-$150K
Data Science,Wellness,Low,Investment Advisor,$80K-$200K
Leadership Development,E-Commerce,Medium,Data Analyst,$70K-$180K
UX/UI Design,Health,High,Security Analyst,$70K-$180K
Social Media Marketing,Education,Low,Data Analyst,$80K-$200K
Leadership Development,Wellness,Medium,Data Analyst,$50K-$120K
UX/UI Design,Finance,Medium,Product Designer,$70K-$180K
AI & Automation,Tech,High,Therapist,$50K-$120K
AI & Automation,Creative,Low,Brand Strategist,$50K-$120K
Leadership Development,Education,Low,AI Researcher,$70K-$180K
Social Media Marketing,Creative,Medium,Investment Advisor,$80K-$200K
UX/UI Design,Business,Medium,Amazon Seller,$70K-$180K
UX/UI Design,Creative,High,Product Designer,$50K-$120K
Cybersecurity,Creative,Medium,AI Researcher,$50K-$120K
AI & Automation,E-Commerce,Medium,Therapist,$50K-$120K
E-Commerce Management,Creative,Low,Leadership Consultant,$70K-$180K
Financial Analysis,Business,Medium,Therapist,$80K-$200K
Social Media Marketing,Finance,High,AI Researcher,$50K-$120K
AI & Automation,E-Commerce,Medium,Security Analyst,$80K-$200K
Leadership Development,Social Impact,Medium,Leadership Consultant,$60K-$150K
E-Commerce Management,Health,Medium,Data Analyst,$60K-$150K
AI & Automation,Tech,Medium,AI Researcher,$50K-$120K
Social Media Marketing,Health,High,AI Researcher,$70K-$180K
Social Media Marketing,Education,High,Amazon Seller,$80K-$200K
UX/UI Design,Business,Low,Therapist,$70K-$180K
UX/UI Design,Business,Medium,Leadership Consultant,$70K-$180K
Social Media Marketing,Wellness,High,Investment Advisor,$80K-$200K
AI & Automation,E-Commerce,High,Therapist,$60K-$150K
Financial Analysis,Business,High,Brand Strategist,$50K-$120K
Cybersecurity,Business,Low,Security Analyst,$50K-$120K
AI & Automation,Wellness,Medium,Therapist,$60K-$150K
AI & Automation,Tech,High,Amazon Seller,$70K-$180K
Financial Analysis,Creative,Low,Leadership Consultant,$80K-$200K
Leadership Development,E-Commerce,Low,Investment Advisor,$70K-$180K
Data Science,E-Commerce,Medium,Leadership Consultant,$80K-$200K
Cybersecurity,Wellness,High,Brand Strategist,$70K-$180K
Financial Analysis,Wellness,Low,Leadership Consultant,$80K-$200K
E-Commerce Management,Health,Medium,Product Designer,$50K-$120K
Cybersecurity,Business,Low,Security Analyst,$80K-$200K
Data Science,Finance,Low,Investment Advisor,$60K-$150K
Leadership Development,Education,High,AI Researcher,$80K-$200K
Cybersecurity,Health,Medium,Therapist,$70K-$180K
Social Media Marketing,Education,Low,Amazon Seller,$80K-$200K
Cybersecurity,Wellness,High,AI Researcher,$50K-$120K
AI & Automation,Business,High,AI Researcher,$80K-$200K
Data Science,Wellness,Low,Leadership Consultant,$80K-$200K
Cybersecurity,Tech,Low,Product Designer,$70K-$180K
Cybersecurity,Wellness,High,Data Analyst,$50K-$120K
E-Commerce Management,E-Commerce,Medium,Investment Advisor,$70K-$180K
E-Commerce Management,Wellness,High,Therapist,$70K-$180K
E-Commerce Management,Social Impact,Low,Security Analyst,$80K-$200K
Mental Health Coaching,E-Commerce,Low,Therapist,$80K-$200K
Financial Analysis,Tech,High,Product Designer,$80K-$200K
AI & Automation,E-Commerce,Low,Security Analyst,$50K-$120K
Mental Health Coaching,Education,Low,Product Designer,$50K-$120K
Data Science,Social Impact,Medium,Leadership Consultant,$50K-$120K
UX/UI Design,Social Impact,Medium,Security Analyst,$80K-$200K
Leadership Development,Creative,High,Amazon Seller,$60K-$150K
Data Science,Finance,High,AI Researcher,$70K-$180K
Mental Health Coaching,Creative,High,Brand Strategist,$80K-$200K
Cybersecurity,Education,Low,Data Analyst,$70K-$180K
AI & Automation,Tech,Low,Amazon Seller,$80K-$200K
Leadership Development,Finance,Medium,Investment Advisor,$60K-$150K
Mental Health Coaching,Tech,High,Security Analyst,$50K-$120K
Leadership Development,Tech,High,Data Analyst,$70K-$180K
Social Media Marketing,Finance,Medium,Therapist,$70K-$180K
AI & Automation,Education,Low,AI Researcher,$80K-$200K
Data Science,Social Impact,Low,Brand Strategist,$60K-$150K
Cybersecurity,Finance,Low,Security Analyst,$70K-$180K
Leadership Development,Creative,High,Brand Strategist,$80K-$200K
Data Science,Education,Low,Security Analyst,$50K-$120K
UX/UI Design,Creative,High,Security Analyst,$80K-$200K
Financial Analysis,Tech,Medium,Amazon Seller,$80K-$200K
Leadership Development,Business,High,Investment Advisor,$70K-$180K
Financial Analysis,Tech,Medium,Data Analyst,$70K-$180K
Cybersecurity,E-Commerce,Medium,Data Analyst,$60K-$150K
Leadership Development,Finance,Low,Product Designer,$60K-$150K
Leadership Development,E-Commerce,Low,AI Researcher,$70K-$180K
E-Commerce Management,Health,Low,Leadership Consultant,$60K-$150K
Leadership Development,Finance,Medium,Product Designer,$50K-$120K
Cybersecurity,Creative,High,Data Analyst,$70K-$180K
Cybersecurity,E-Commerce,High,Amazon Seller,$80K-$200K
Social Media Marketing,Tech,Low,Product Designer,$50K-$120K
Mental Health Coaching,Business,High,Leadership Consultant,$50K-$120K
Social Media Marketing,Creative,Low,Leadership Consultant,$60K-$150K
Cybersecurity,Creative,High,Therapist,$60K-$150K
Leadership Development,Business,High,Data Analyst,$60K-$150K
Cybersecurity,Creative,Medium,Product Designer,$60K-$150K
Financial Analysis,Wellness,Low,Leadership Consultant,$80K-$200K
AI & Automation,Tech,Low,Amazon Seller,$80K-$200K
E-Commerce Management,Education,Medium,Brand Strategist,$60K-$150K
Financial Analysis,Social Impact,High,Product Designer,$80K-$200K
Social Media Marketing,Wellness,Low,AI Researcher,$60K-$150K
UX/UI Design,Health,Medium,Security Analyst,$70K-$180K
Leadership Development,Health,Low,Therapist,$80K-$200K
Financial Analysis,E-Commerce,Medium,Security Analyst,$80K-$200K
Mental Health Coaching,Health,High,Brand Strategist,$80K-$200K
UX/UI Design,Tech,Medium,AI Researcher,$60K-$150K
Data Science,Tech,Low,Security Analyst,$50K-$120K
AI & Automation,E-Commerce,Medium,Data Analyst,$80K-$200K
AI & Automation,Tech,Medium,Therapist,$80K-$200K
E-Commerce Management,E-Commerce,Medium,Security Analyst,$80K-$200K
Social Media Marketing,Tech,High,AI Researcher,$50K-$120K
Financial Analysis,Creative,Low,Investment Advisor,$60K-$150K
Mental Health Coaching,Business,Medium,Amazon Seller,$70K-$180K
Social Media Marketing,E-Commerce,Medium,Therapist,$60K-$150K
AI & Automation,Health,Medium,Security Analyst,$60K-$150K
Mental Health Coaching,Social Impact,Medium,Therapist,$60K-$150K
AI & Automation,Education,Low,Brand Strategist,$70K-$180K
Leadership Development,Health,High,Data Analyst,$80K-$200K
E-Commerce Management,Finance,Low,Data Analyst,$60K-$150K
Data Science,E-Commerce,High,Leadership Consultant,$80K-$200K
E-Commerce Management,Wellness,Low,Amazon Seller,$50K-$120K
Social Media Marketing,Tech,Medium,Brand Strategist,$60K-$150K
Leadership Development,Tech,Low,Leadership Consultant,$60K-$150K
UX/UI Design,Creative,Medium,Therapist,$60K-$150K
Leadership Development,Business,Low,Amazon Seller,$60K-$150K
AI & Automation,Tech,Low,Security Analyst,$60K-$150K
Cybersecurity,Tech,Low,Data Analyst,$50K-$120K
Data Science,Social Impact,High,Brand Strategist,$60K-$150K
E-Commerce Management,Creative,Medium,Security Analyst,$60K-$150K
E-Commerce Management,Education,High,Therapist,$50K-$120K
E-Commerce Management,Education,High,Leadership Consultant,$80K-$200K
E-Commerce Management,Education,Low,Product Designer,$70K-$180K
Data Science,Creative,Medium,Product Designer,$80K-$200K
Mental Health Coaching,Business,Low,Investment Advisor,$70K-$180K
Financial Analysis,Business,High,Security Analyst,$50K-$120K
Financial Analysis,Tech,High,Therapist,$60K-$150K
UX/UI Design,E-Commerce,High,Brand Strategist,$80K-$200K
AI & Automation,Business,Medium,AI Researcher,$70K-$180K
AI & Automation,Education,High,Security Analyst,$60K-$150K
Financial Analysis,Social Impact,Low,Investment Advisor,$50K-$120K
E-Commerce Management,Health,Medium,AI Researcher,$60K-$150K
Financial Analysis,Creative,Low,Security Analyst,$60K-$150K
Cybersecurity,Health,Medium,Amazon Seller,$70K-$180K
Financial Analysis,Finance,High,Leadership Consultant,$70K-$180K
AI & Automation,Business,High,Product Designer,$80K-$200K
Financial Analysis,Business,Low,Security Analyst,$60K-$150K
Financial Analysis,Social Impact,Medium,Security Analyst,$60K-$150K
E-Commerce Management,Finance,Medium,Security Analyst,$50K-$120K
UX/UI Design,Tech,Low,Brand Strategist,$60K-$150K
Financial Analysis,E-Commerce,High,Investment Advisor,$70K-$180K
AI & Automation,Health,Low,Leadership Consultant,$60K-$150K
Social Media Marketing,Business,Medium,Leadership Consultant,$60K-$150K
Social Media Marketing,Health,Low,Therapist,$70K-$180K
Leadership Development,Finance,Medium,Amazon Seller,$80K-$200K
Financial Analysis,Business,High,Product Designer,$60K-$150K
E-Commerce Management,Finance,Medium,Brand Strategist,$50K-$120K
Social Media Marketing,Education,High,Investment Advisor,$70K-$180K
Data Science,Wellness,Medium,Investment Advisor,$50K-$120K
E-Commerce Management,Tech,Low,Product Designer,$70K-$180K
Financial Analysis,Wellness,Medium,Amazon Seller,$70K-$180K
Data Science,Business,Low,Amazon Seller,$70K-$180K
AI & Automation,Business,Medium,Amazon Seller,$60K-$150K
Leadership Development,Creative,Medium,Data Analyst,$70K-$180K
Data Science,Finance,Low,Leadership Consultant,$60K-$150K
E-Commerce Management,Finance,High,Security Analyst,$70K-$180K
Data Science,Education,Medium,Product Designer,$60K-$150K
Social Media Marketing,Education,Low,Brand Strategist,$60K-$150K
Leadership Development,Finance,Medium,Amazon Seller,$60K-$150K
E-Commerce Management,Education,Low,Leadership Consultant,$60K-$150K
UX/UI Design,Health,High,Amazon Seller,$80K-$200K
Financial Analysis,E-Commerce,Low,Data Analyst,$60K-$150K
UX/UI Design,Creative,Low,Therapist,$80K-$200K
Leadership Development,Creative,Low,AI Researcher,$60K-$150K
Leadership Development,Health,Low,Leadership Consultant,$70K-$180K
Social Media Marketing,Finance,Medium,Brand Strategist,$50K-$120K
Cybersecurity,Finance,Low,Leadership Consultant,$60K-$150K
E-Commerce Management,Business,Low,Product Designer,$50K-$120K
E-Commerce Management,Creative,Medium,Security Analyst,$60K-$150K
Cybersecurity,Finance,High,Security Analyst,$60K-$150K
E-Commerce Management,Social Impact,Medium,Brand Strategist,$60K-$150K
Mental Health Coaching,Wellness,High,AI Researcher,$60K-$150K
Data Science,Wellness,Low,Investment Advisor,$80K-$200K
Leadership Development,E-Commerce,Low,Leadership Consultant,$60K-$150K
Leadership Development,Wellness,Low,Data Analyst,$60K-$150K
Cybersecurity,Creative,Medium,Amazon Seller,$80K-$200K
Data Science,Finance,High,Amazon Seller,$60K-$150K
Mental Health Coaching,Creative,Medium,Brand Strategist,$60K-$150K
AI & Automation,E-Commerce,Low,Data Analyst,$80K-$200K
UX/UI Design,Wellness,Low,Investment Advisor,$80K-$200K
Leadership Development,Social Impact,Low,Brand Strategist,$80K-$200K
Mental Health Coaching,Education,High,Security Analyst,$70K-$180K
UX/UI Design,Education,Low,Investment Advisor,$60K-$150K
Leadership Development,Creative,Low,Product Designer,$70K-$180K
Data Science,Creative,High,AI Researcher,$50K-$120K
E-Commerce Management,Business,Medium,Product Designer,$80K-$200K
Cybersecurity,Social Impact,High,Product Designer,$50K-$120K
Data Science,Tech,Low,Therapist,$50K-$120K
UX/UI Design,Finance,Low,AI Researcher,$70K-$180K
Leadership Development,Health,High,Investment Advisor,$70K-$180K
Leadership Development,Tech,Low,Therapist,$50K-$120K
AI & Automation,Finance,Medium,AI Researcher,$70K-$180K
AI & Automation,Business,High,Amazon Seller,$70K-$180K
E-Commerce Management,Business,High,Therapist,$60K-$150K
Social Media Marketing,Wellness,Low,Amazon Seller,$60K-$150K
Data Science,Business,Low,Data Analyst,$70K-$180K
Financial Analysis,Wellness,High,Brand Strategist,$60K-$150K
Cybersecurity,Tech,High,Leadership Consultant,$60K-$150K
Financial Analysis,Creative,Low,Security Analyst,$50K-$120K
Cybersecurity,Social Impact,High,Data Analyst,$50K-$120K
Financial Analysis,Creative,High,AI Researcher,$60K-$150K
Mental Health Coaching,Tech,Low,Investment Advisor,$60K-$150K
AI & Automation,Finance,Medium,Security Analyst,$80K-$200K
Cybersecurity,Education,Medium,Investment Advisor,$80K-$200K
E-Commerce Management,Business,Medium,Investment Advisor,$60K-$150K
Social Media Marketing,Finance,High,Amazon Seller,$60K-$150K
UX/UI Design,E-Commerce,Medium,Therapist,$80K-$200K
Financial Analysis,Health,Low,Amazon Seller,$70K-$180K
Leadership Development,Tech,Low,Investment Advisor,$70K-$180K
Data Science,Education,Medium,Product Designer,$60K-$150K
Leadership Development,Creative,Low,Data Analyst,$70K-$180K
Financial Analysis,Social Impact,Medium,Brand Strategist,$60K-$150K
Mental Health Coaching,Tech,Low,Therapist,$50K-$120K
Financial Analysis,Wellness,High,Leadership Consultant,$60K-$150K
UX/UI Design,Health,Low,Product Designer,$60K-$150K
Leadership Development,Health,Low,Investment Advisor,$80K-$200K
Financial Analysis,E-Commerce,Medium,AI Researcher,$50K-$120K
Data Science,Education,High,Product Designer,$80K-$200K
Cybersecurity,Social Impact,Low,Leadership Consultant,$80K-$200K
E-Commerce Management,Social Impact,Medium,Brand Strategist,$80K-$200K
Financial Analysis,Health,Low,Security Analyst,$50K-$120K
E-Commerce Management,Wellness,Low,Data Analyst,$50K-$120K
UX/UI Design,Finance,Low,Amazon Seller,$80K-$200K
Financial Analysis,Education,Medium,Therapist,$60K-$150K
Data Science,Social Impact,High,Leadership Consultant,$70K-$180K
UX/UI Design,Education,High,Security Analyst,$60K-$150K
Cybersecurity,Social Impact,Low,Leadership Consultant,$50K-$120K
UX/UI Design,Education,Low,Data Analyst,$80K-$200K
Leadership Development,E-Commerce,High,Investment Advisor,$80K-$200K
AI & Automation,Wellness,Low,Data Analyst,$50K-$120K
Leadership Development,Wellness,Medium,Therapist,$70K-$180K
Mental Health Coaching,Health,Low,Security Analyst,$70K-$180K
AI & Automation,Health,High,AI Researcher,$60K-$150K
E-Commerce Management,Education,Low,Data Analyst,$50K-$120K
E-Commerce Management,Social Impact,High,Amazon Seller,$80K-$200K
Mental Health Coaching,E-Commerce,Low,AI Researcher,$60K-$150K
Mental Health Coaching,Social Impact,High,AI Researcher,$80K-$200K
E-Commerce Management,Wellness,Medium,AI Researcher,$70K-$180K
Leadership Development,Tech,Low,AI Researcher,$70K-$180K
Cybersecurity,Health,High,Data Analyst,$60K-$150K
Cybersecurity,Finance,Medium,Therapist,$60K-$150K
Leadership Development,Finance,High,Data Analyst,$80K-$200K
Cybersecurity,Social Impact,Low,Leadership Consultant,$60K-$150K
AI & Automation,Social Impact,Medium,Security Analyst,$50K-$120K
Leadership Development,Education,High,Leadership Consultant,$70K-$180K
Social Media Marketing,Health,High,Therapist,$60K-$150K
AI & Automation,Education,High,Leadership Consultant,$80K-$200K
Social Media Marketing,Social Impact,High,Investment Advisor,$70K-$180K
Financial Analysis,Business,High,Leadership Consultant,$80K-$200K
Social Media Marketing,E-Commerce,High,Amazon Seller,$80K-$200K
Cybersecurity,Creative,Low,Security Analyst,$70K-$180K
Leadership Development,Tech,High,AI Researcher,$80K-$200K
AI & Automation,Finance,Low,Product Designer,$60K-$150K
UX/UI Design,Education,High,Therapist,$80K-$200K
E-Commerce Management,Tech,High,AI Researcher,$60K-$150K
Data Science,Health,Medium,Leadership Consultant,$50K-$120K
Leadership Development,Business,Medium,Security Analyst,$60K-$150K
E-Commerce Management,Education,Medium,Data Analyst,$80K-$200K
Cybersecurity,Tech,Medium,Leadership Consultant,$50K-$120K
AI & Automation,Tech,High,Leadership Consultant,$70K-$180K
Cybersecurity,Tech,Medium,AI Researcher,$60K-$150K
AI & Automation,Education,High,Data Analyst,$60K-$150K
AI & Automation,Tech,Low,Amazon Seller,$60K-$150K
Data Science,Business,High,Investment Advisor,$70K-$180K
Data Science,Wellness,Low,Security Analyst,$80K-$200K
Leadership Development,Finance,High,AI Researcher,$60K-$150K
Mental Health Coaching,Business,Medium,AI Researcher,$50K-$120K
E-Commerce Management,Social Impact,High,Product Designer,$60K-$150K
Leadership Development,Tech,Low,Therapist,$60K-$150K
AI & Automation,Wellness,Low,Brand Strategist,$70K-$180K
Mental Health Coaching,Creative,Medium,AI Researcher,$70K-$180K
Financial Analysis,Education,High,AI Researcher,$70K-$180K
AI & Automation,Creative,Medium,Investment Advisor,$70K-$180K
Data Science,E-Commerce,Low,Investment Advisor,$50K-$120K
E-Commerce Management,Health,Medium,AI Researcher,$80K-$200K
Financial Analysis,E-Commerce,High,Product Designer,$60K-$150K
Data Science,Education,Medium,Amazon Seller,$70K-$180K
Financial Analysis,Business,High,Security Analyst,$50K-$120K
Leadership Development,Tech,Medium,Therapist,$60K-$150K
Social Media Marketing,Health,Low,Data Analyst,$70K-$180K
Social Media Marketing,Social Impact,Low,Product Designer,$80K-$200K
Mental Health Coaching,Wellness,Medium,Amazon Seller,$70K-$180K
Data Science,Social Impact,Medium,AI Researcher,$70K-$180K
Leadership Development,Wellness,High,Product Designer,$70K-$180K
AI & Automation,E-Commerce,Medium,Data Analyst,$50K-$120K
AI & Automation,Education,High,Leadership Consultant,$60K-$150K
E-Commerce Management,Finance,High,Brand Strategist,$50K-$120K
Financial Analysis,Tech,Low,Data Analyst,$70K-$180K
Cybersecurity,Education,Low,Investment Advisor,$60K-$150K
UX/UI Design,Finance,High,Brand Strategist,$80K-$200K
UX/UI Design,E-Commerce,High,Amazon Seller,$50K-$120K
Financial Analysis,Tech,Medium,Data Analyst,$60K-$150K
AI & Automation,Finance,Low,Investment Advisor,$70K-$180K
AI & Automation,Creative,Medium,Investment Advisor,$60K-$150K
UX/UI Design,Health,Low,Investment Advisor,$70K-$180K
Leadership Development,E-Commerce,Low,Product Designer,$50K-$120K
UX/UI Design,E-Commerce,High,Security Analyst,$80K-$200K
E-Commerce Management,E-Commerce,Low,Brand Strategist,$60K-$150K
AI & Automation,Health,Low,Therapist,$70K-$180K
Data Science,Tech,Low,Data Analyst,$60K-$150K
Cybersecurity,Business,Low,Security Analyst,$80K-$200K
Leadership Development,Business,Low,Leadership Consultant,$50K-$120K
AI & Automation,Social Impact,High,Investment Advisor,$60K-$150K
Data Science,Health,High,Brand Strategist,$70K-$180K
Financial Analysis,Creative,Low,Product Designer,$50K-$120K
Financial Analysis,E-Commerce,High,Leadership Consultant,$50K-$120K
Financial Analysis,Creative,Medium,Leadership Consultant,$80K-$200K
AI & Automation,Tech,Medium,Therapist,$60K-$150K
AI & Automation,E-Commerce,Low,Product Designer,$70K-$180K
Leadership Development,Finance,Medium,AI Researcher,$60K-$150K
AI & Automation,Health,High,Brand Strategist,$80K-$200K
Social Media Marketing,Education,Medium,Amazon Seller,$50K-$120K
AI & Automation,Business,Medium,Security Analyst,$60K-$150K
Mental Health Coaching,Business,Low,AI Researcher,$60K-$150K
Data Science,Creative,Low,Therapist,$50K-$120K
Social Media Marketing,E-Commerce,High,Amazon Seller,$50K-$120K
Social Media Marketing,E-Commerce,High,Data Analyst,$50K-$120K
UX/UI Design,Social Impact,Low,Amazon Seller,$80K-$200K
E-Commerce Management,Creative,High,Data Analyst,$50K-$120K
Data Science,Creative,Low,Leadership Consultant,$60K-$150K
Leadership Development,E-Commerce,Low,Security Analyst,$60K-$150K
Leadership Development,Creative,High,Brand Strategist,$70K-$180K
Mental Health Coaching,Health,Medium,Data Analyst,$70K-$180K
Mental Health Coaching,Finance,Medium,Security Analyst,$50K-$120K
UX/UI Design,Creative,Medium,Amazon Seller,$70K-$180K
AI & Automation,E-Commerce,High,Brand Strategist,$70K-$180K
UX/UI Design,Health,Medium,Security Analyst,$50K-$120K
Leadership Development,Business,Low,Investment Advisor,$70K-$180K
UX/UI Design,Business,High,Leadership Consultant,$70K-$180K
UX/UI Design,Health,Medium,Amazon Seller,$50K-$120K
Mental Health Coaching,Business,Low,Product Designer,$80K-$200K
Data Science,Tech,Low,Therapist,$80K-$200K
Mental Health Coaching,Finance,High,Security Analyst,$60K-$150K
UX/UI Design,Social Impact,Medium,Investment Advisor,$60K-$150K
E-Commerce Management,Social Impact,Low,Data Analyst,$70K-$180K
AI & Automation,Tech,Low,Investment Advisor,$50K-$120K
Social Media Marketing,Wellness,High,Brand Strategist,$50K-$120K
Data Science,Social Impact,High,Product Designer,$60K-$150K
Cybersecurity,Wellness,Low,AI Researcher,$50K-$120K
Financial Analysis,Wellness,Low,Leadership Consultant,$50K-$120K
Social Media Marketing,Education,Low,Data Analyst,$80K-$200K
E-Commerce Management,Health,Medium,Amazon Seller,$60K-$150K
Financial Analysis,Creative,High,Amazon Seller,$80K-$200K
UX/UI Design,Tech,Medium,Brand Strategist,$70K-$180K
Leadership Development,Education,High,Brand Strategist,$50K-$120K
Leadership Development,Finance,High,Data Analyst,$50K-$120K
AI & Automation,Finance,Medium,Therapist,$50K-$120K
Mental Health Coaching,E-Commerce,High,Amazon Seller,$50K-$120K
Cybersecurity,Wellness,Low,Therapist,$50K-$120K
AI & Automation,E-Commerce,Low,Product Designer,$80K-$200K
UX/UI Design,E-Commerce,Low,Product Designer,$60K-$150K
Data Science,Education,High,AI Researcher,$80K-$200K
Leadership Development,Creative,High,AI Researcher,$80K-$200K
Leadership Development,Tech,Low,Therapist,$60K-$150K
Mental Health Coaching,Education,Medium,Brand Strategist,$50K-$120K
Financial Analysis,Health,Medium,AI Researcher,$80K-$200K
Cybersecurity,Finance,Medium,Data Analyst,$80K-$200K
AI & Automation,Finance,Medium,Therapist,$70K-$180K
Mental Health Coaching,Creative,Medium,Leadership Consultant,$50K-$120K
Financial Analysis,Health,High,Product Designer,$50K-$120K
AI & Automation,Tech,High,AI Researcher,$80K-$200K
AI & Automation,Health,Medium,AI Researcher,$50K-$120K
AI & Automation,Wellness,Low,AI Researcher,$70K-$180K
Cybersecurity,Finance,Medium,Leadership Consultant,$50K-$120K
E-Commerce Management,Business,Medium,Product Designer,$50K-$120K
UX/UI Design,Wellness,Medium,Therapist,$60K-$150K
Social Media Marketing,Tech,Medium,Investment Advisor,$60K-$150K
Social Media Marketing,Tech,High,Investment Advisor,$70K-$180K
E-Commerce Management,Finance,Low,Data Analyst,$60K-$150K
Mental Health Coaching,Education,High,Brand Strategist,$80K-$200K
Data Science,Social Impact,Low,Investment Advisor,$50K-$120K
Data Science,Creative,High,AI Researcher,$50K-$120K
Cybersecurity,Wellness,High,Product Designer,$80K-$200K
Leadership Development,E-Commerce,High,Therapist,$70K-$180K
Cybersecurity,Business,Low,Security Analyst,$50K-$120K
UX/UI Design,Social Impact,Low,Investment Advisor,$70K-$180K
Social Media Marketing,E-Commerce,High,Product Designer,$50K-$120K
Social Media Marketing,Finance,Low,Security Analyst,$70K-$180K
Leadership Development,Social Impact,Low,Brand Strategist,$80K-$200K
Data Science,Tech,Medium,Brand Strategist,$60K-$150K
Financial Analysis,Creative,Low,Investment Advisor,$80K-$200K
Data Science,Health,Medium,Product Designer,$70K-$180K
AI & Automation,E-Commerce,Low,Product Designer,$60K-$150K
Leadership Development,Creative,Low,Amazon Seller,$50K-$120K
Mental Health Coaching,Wellness,Medium,AI Researcher,$60K-$150K
Mental Health Coaching,Education,Low,Data Analyst,$50K-$120K
Cybersecurity,Health,High,Brand Strategist,$60K-$150K
Mental Health Coaching,Education,High,Brand Strategist,$60K-$150K
Social Media Marketing,Education,Low,AI Researcher,$60K-$150K
Leadership Development,Business,Medium,Amazon Seller,$60K-$150K
Cybersecurity,Business,High,AI Researcher,$50K-$120K
Leadership Development,Education,High,Data Analyst,$80K-$200K
E-Commerce Management,Wellness,Medium,AI Researcher,$50K-$120K
Leadership Development,Social Impact,Medium,Security Analyst,$70K-$180K
Financial Analysis,Wellness,Low,Security Analyst,$50K-$120K
Leadership Development,Wellness,Medium,Data Analyst,$60K-$150K
UX/UI Design,Social Impact,Medium,Brand Strategist,$70K-$180K
Social Media Marketing,Health,Medium,Amazon Seller,$70K-$180K
Social Media Marketing,Education,High,Product Designer,$70K-$180K
Leadership Development,Business,Low,Security Analyst,$50K-$120K
Financial Analysis,Social Impact,High,Leadership Consultant,$70K-$180K
Social Media Marketing,Wellness,Medium,Brand Strategist,$70K-$180K
AI & Automation,Business,High,Investment Advisor,$50K-$120K
Leadership Development,Creative,Medium,Data Analyst,$60K-$150K
AI & Automation,Wellness,Medium,Leadership Consultant,$70K-$180K
Social Media Marketing,Creative,Medium,Brand Strategist,$80K-$200K
Social Media Marketing,E-Commerce,Low,Leadership Consultant,$70K-$180K
Data Science,Creative,High,AI Researcher,$70K-$180K
Mental Health Coaching,Tech,Medium,Brand Strategist,$70K-$180K
Mental Health Coaching,Tech,Low,Data Analyst,$60K-$150K
UX/UI Design,E-Commerce,High,Data Analyst,$80K-$200K
Financial Analysis,Business,Medium,Product Designer,$70K-$180K
Data Science,Health,Low,Therapist,$80K-$200K
Mental Health Coaching,Tech,Medium,Brand Strategist,$70K-$180K
Mental Health Coaching,Education,Medium,Therapist,$60K-$150K
Social Media Marketing,Creative,Medium,Therapist,$70K-$180K
AI & Automation,Social Impact,Medium,Product Designer,$70K-$180K
Mental Health Coaching,Finance,Low,Therapist,$70K-$180K
AI & Automation,Social Impact,High,Investment Advisor,$70K-$180K
E-Commerce Management,E-Commerce,Low,Product Designer,$50K-$120K
Data Science,Creative,Low,Therapist,$50K-$120K
Cybersecurity,Social Impact,Medium,AI Researcher,$70K-$180K
Cybersecurity,Finance,Medium,Security Analyst,$60K-$150K
Data Science,Education,Medium,Therapist,$60K-$150K
E-Commerce Management,Health,High,Brand Strategist,$60K-$150K
Cybersecurity,Creative,Medium,Investment Advisor,$50K-$120K
Leadership Development,Creative,High,AI Researcher,$60K-$150K
AI & Automation,Education,High,Investment Advisor,$50K-$120K
AI & Automation,Education,Medium,Leadership Consultant,$70K-$180K
Mental Health Coaching,Education,Medium,Brand Strategist,$80K-$200K
Mental Health Coaching,Wellness,Medium,AI Researcher,$80K-$200K
Financial Analysis,Business,Low,Leadership Consultant,$80K-$200K
Data Science,Finance,High,Data Analyst,$80K-$200K
Mental Health Coaching,E-Commerce,High,Therapist,$80K-$200K
Social Media Marketing,Wellness,Medium,AI Researcher,$60K-$150K
Mental Health Coaching,E-Commerce,Medium,Brand Strategist,$50K-$120K
Cybersecurity,Education,Medium,Brand Strategist,$70K-$180K
Leadership Development,E-Commerce,High,Security Analyst,$80K-$200K
Data Science,E-Commerce,Low,Investment Advisor,$70K-$180K
Cybersecurity,Social Impact,High,Brand Strategist,$60K-$150K
Data Science,Creative,High,Amazon Seller,$80K-$200K
UX/UI Design,Social Impact,Low,Brand Strategist,$60K-$150K
AI & Automation,Wellness,High,Security Analyst,$70K-$180K
Financial Analysis,Health,Low,Therapist,$70K-$180K
Data Science,Finance,High,Investment Advisor,$80K-$200K
Social Media Marketing,Wellness,High,Amazon Seller,$50K-$120K
Mental Health Coaching,Wellness,High,Product Designer,$60K-$150K
Data Science,Education,High,Therapist,$60K-$150K
Social Media Marketing,Wellness,Low,Security Analyst,$50K-$120K
AI & Automation,Social Impact,High,Investment Advisor,$80K-$200K
UX/UI Design,Education,Low,AI Researcher,$50K-$120K
UX/UI Design,Wellness,High,Security Analyst,$60K-$150K
Leadership Development,Tech,High,Product Designer,$70K-$180K
Financial Analysis,Finance,Medium,AI Researcher,$80K-$200K
Mental Health Coaching,Creative,Low,Leadership Consultant,$60K-$150K
Financial Analysis,Business,Medium,Amazon Seller,$80K-$200K
Cybersecurity,Finance,High,Brand Strategist,$60K-$150K
Cybersecurity,Business,Medium,Leadership Consultant,$50K-$120K
Social Media Marketing,Wellness,High,Amazon Seller,$70K-$180K
Cybersecurity,Creative,Low,Security Analyst,$80K-$200K
Cybersecurity,Tech,Low,Therapist,$50K-$120K
UX/UI Design,Education,Low,Brand Strategist,$60K-$150K
Social Media Marketing,Education,Low,AI Researcher,$60K-$150K
UX/UI Design,Wellness,Low,Leadership Consultant,$50K-$120K
AI & Automation,Tech,Low,Security Analyst,$70K-$180K
Cybersecurity,Education,High,AI Researcher,$80K-$200K
AI & Automation,Social Impact,High,Data Analyst,$60K-$150K
E-Commerce Management,Business,Medium,Investment Advisor,$70K-$180K
Mental Health Coaching,Social Impact,Medium,Amazon Seller,$80K-$200K
Leadership Development,Finance,Low,Security Analyst,$60K-$150K
E-Commerce Management,Social Impact,High,Data Analyst,$70K-$180K
Mental Health Coaching,Wellness,Low,Therapist,$80K-$200K
Mental Health Coaching,Education,Medium,AI Researcher,$60K-$150K
E-Commerce Management,Finance,Low,AI Researcher,$70K-$180K
Cybersecurity,Wellness,Low,Brand Strategist,$60K-$150K
E-Commerce Management,E-Commerce,Medium,Product Designer,$80K-$200K
Mental Health Coaching,Wellness,High,Brand Strategist,$50K-$120K
Cybersecurity,Wellness,High,Security Analyst,$80K-$200K
UX/UI Design,Business,Low,AI Researcher,$50K-$120K
UX/UI Design,Tech,Low,Brand Strategist,$50K-$120K
Leadership Development,Social Impact,Medium,Product Designer,$80K-$200K
Social Media Marketing,Business,High,Investment Advisor,$70K-$180K
Leadership Development,E-Commerce,Medium,Data Analyst,$70K-$180K
Leadership Development,Business,High,Security Analyst,$50K-$120K
UX/UI Design,Health,Medium,Security Analyst,$70K-$180K
Mental Health Coaching,Creative,Low,Investment Advisor,$80K-$200K
E-Commerce Management,Creative,Low,AI Researcher,$60K-$150K
Cybersecurity,Wellness,Low,Amazon Seller,$60K-$150K
Mental Health Coaching,Finance,Low,Amazon Seller,$80K-$200K
UX/UI Design,Health,High,Amazon Seller,$70K-$180K
Financial Analysis,Social Impact,Low,AI Researcher,$70K-$180K
Data Science,Finance,Low,Amazon Seller,$50K-$120K
Social Media Marketing,Wellness,Medium,Investment Advisor,$60K-$150K
Financial Analysis,Business,High,Investment Advisor,$70K-$180K
Data Science,Creative,High,Leadership Consultant,$70K-$180K
AI & Automation,Creative,Low,Brand Strategist,$50K-$120K
Social Media Marketing,Business,High,Leadership Consultant,$50K-$120K
E-Commerce Management,E-Commerce,High,Security Analyst,$80K-$200K
Data Science,E-Commerce,Low,Data Analyst,$80K-$200K
Financial Analysis,Health,Low,Amazon Seller,$80K-$200K
Financial Analysis,Business,Low,Security Analyst,$50K-$120K
Data Science,Health,Low,Amazon Seller,$80K-$200K
Social Media Marketing,Wellness,Medium,Security Analyst,$80K-$200K
Leadership Development,E-Commerce,Medium,Amazon Seller,$60K-$150K
E-Commerce Management,Wellness,High,Leadership Consultant,$70K-$180K
Data Science,Finance,Low,Therapist,$70K-$180K
Social Media Marketing,Finance,High,Amazon Seller,$60K-$150K
Social Media Marketing,Tech,Medium,AI Researcher,$80K-$200K
Financial Analysis,Business,Medium,Amazon Seller,$70K-$180K
Financial Analysis,Social Impact,Medium,Therapist,$70K-$180K
UX/UI Design,Business,High,AI Researcher,$80K-$200K
E-Commerce Management,Social Impact,High,Leadership Consultant,$80K-$200K
Social Media Marketing,Wellness,Low,Product Designer,$50K-$120K
UX/UI Design,Social Impact,Medium,Leadership Consultant,$80K-$200K
Data Science,Social Impact,Medium,Amazon Seller,$70K-$180K
UX/UI Design,Wellness,High,Investment Advisor,$70K-$180K
AI & Automation,Creative,Low,Investment Advisor,$80K-$200K
E-Commerce Management,Creative,High,Leadership Consultant,$70K-$180K
AI & Automation,Social Impact,Low,Amazon Seller,$70K-$180K
Leadership Development,Tech,Low,Leadership Consultant,$50K-$120K
Social Media Marketing,Tech,Medium,Brand Strategist,$50K-$120K
AI & Automation,Wellness,High,Product Designer,$50K-$120K
Cybersecurity,Finance,Low,AI Researcher,$80K-$200K
UX/UI Design,Tech,Medium,Data Analyst,$70K-$180K
Cybersecurity,Health,Medium,Therapist,$80K-$200K
AI & Automation,Business,High,Brand Strategist,$70K-$180K
Mental Health Coaching,Business,Medium,Leadership Consultant,$80K-$200K
Leadership Development,Creative,Low,Security Analyst,$60K-$150K
Mental Health Coaching,Health,Low,Brand Strategist,$70K-$180K
Social Media Marketing,Wellness,High,Therapist,$50K-$120K
Leadership Development,Creative,High,AI Researcher,$50K-$120K
Cybersecurity,Health,Medium,Product Designer,$80K-$200K
E-Commerce Management,Creative,Medium,Brand Strategist,$70K-$180K
Cybersecurity,Social Impact,Low,Brand Strategist,$70K-$180K
UX/UI Design,Social Impact,Medium,Product Designer,$60K-$150K
Cybersecurity,Social Impact,High,Leadership Consultant,$60K-$150K
Financial Analysis,Business,Medium,Leadership Consultant,$50K-$120K
Social Media Marketing,Business,High,Leadership Consultant,$70K-$180K
Data Science,Tech,High,AI Researcher,$80K-$200K
UX/UI Design,E-Commerce,Medium,Product Designer,$60K-$150K
Financial Analysis,E-Commerce,High,Security Analyst,$80K-$200K
Data Science,Health,High,Security Analyst,$70K-$180K
Social Media Marketing,Tech,Medium,Product Designer,$70K-$180K
UX/UI Design,Creative,Low,Data Analyst,$80K-$200K
Cybersecurity,Education,High,AI Researcher,$50K-$120K
Social Media Marketing,E-Commerce,Low,Leadership Consultant,$50K-$120K
Financial Analysis,Health,Low,Data Analyst,$80K-$200K
Mental Health Coaching,Business,Low,AI Researcher,$70K-$180K
E-Commerce Management,Creative,High,Leadership Consultant,$60K-$150K
AI & Automation,Social Impact,Medium,Data Analyst,$60K-$150K
Financial Analysis,Tech,Low,Investment Advisor,$70K-$180K
Financial Analysis,Health,Low,Data Analyst,$80K-$200K
Data Science,Creative,High,Product Designer,$70K-$180K
Cybersecurity,Education,Medium,Leadership Consultant,$50K-$120K
Data Science,Creative,High,Amazon Seller,$80K-$200K
Financial Analysis,Tech,Medium,Security Analyst,$70K-$180K
Leadership Development,Tech,Medium,Therapist,$60K-$150K
E-Commerce Management,Business,Medium,Security Analyst,$70K-$180K
Leadership Development,Health,Low,Investment Advisor,$60K-$150K
AI & Automation,Health,High,Product Designer,$50K-$120K
Data Science,Education,Medium,AI Researcher,$80K-$200K
UX/UI Design,Finance,High,Security Analyst,$50K-$120K
E-Commerce Management,E-Commerce,Medium,Data Analyst,$70K-$180K
Leadership Development,Tech,High,Therapist,$60K-$150K
UX/UI Design,Wellness,High,Data Analyst,$50K-$120K
Data Science,Education,High,Leadership Consultant,$70K-$180K
Data Science,Business,High,Product Designer,$80K-$200K
E-Commerce Management,Business,Medium,Security Analyst,$60K-$150K
E-Commerce Management,Finance,Medium,Leadership Consultant,$70K-$180K
Leadership Development,Business,Medium,Investment Advisor,$70K-$180K
Leadership Development,Business,Medium,Leadership Consultant,$70K-$180K
UX/UI Design,Business,Low,Therapist,$70K-$180K
AI & Automation,Health,High,Security Analyst,$70K-$180K
UX/UI Design,Creative,Medium,Therapist,$80K-$200K
Mental Health Coaching,Finance,Medium,Therapist,$70K-$180K
UX/UI Design,Tech,Low,Product Designer,$80K-$200K
Data Science,Wellness,Low,Leadership Consultant,$60K-$150K
Cybersecurity,Tech,Medium,Product Designer,$70K-$180K
Financial Analysis,Finance,Low,Amazon Seller,$80K-$200K
UX/UI Design,Education,High,AI Researcher,$50K-$120K
UX/UI Design,Health,High,Amazon Seller,$50K-$120K
UX/UI Design,Social Impact,Low,Amazon Seller,$70K-$180K
AI & Automation,Health,Low,Therapist,$80K-$200K
Mental Health Coaching,E-Commerce,High,Amazon Seller,$60K-$150K
E-Commerce Management,Wellness,High,Therapist,$80K-$200K
UX/UI Design,Health,Medium,Amazon Seller,$70K-$180K
Cybersecurity,Education,High,Therapist,$50K-$120K
Social Media Marketing,Social Impact,High,AI Researcher,$60K-$150K
UX/UI Design,Tech,Low,AI Researcher,$60K-$150K
Mental Health Coaching,Finance,Low,AI Researcher,$60K-$150K
Social Media Marketing,Wellness,Low,Security Analyst,$50K-$120K
AI & Automation,Tech,Low,Security Analyst,$70K-$180K
Data Science,Tech,Medium,Leadership Consultant,$80K-$200K
AI & Automation,Education,Medium,Investment Advisor,$60K-$150K
E-Commerce Management,Creative,High,Amazon Seller,$60K-$150K
Cybersecurity,E-Commerce,High,Investment Advisor,$50K-$120K
Financial Analysis,Education,Medium,Data Analyst,$80K-$200K
Social Media Marketing,Business,Low,Therapist,$60K-$150K
Leadership Development,Tech,Medium,Amazon Seller,$50K-$120K
UX/UI Design,Health,High,Amazon Seller,$80K-$200K
Leadership Development,Social Impact,Medium,Brand Strategist,$80K-$200K
AI & Automation,Education,Low,Security Analyst,$70K-$180K
Financial Analysis,Creative,High,Amazon Seller,$50K-$120K
UX/UI Design,Business,Medium,AI Researcher,$80K-$200K
AI & Automation,E-Commerce,Low,Security Analyst,$50K-$120K
Cybersecurity,Business,Low,Data Analyst,$60K-$150K
Mental Health Coaching,Education,High,Therapist,$60K-$150K
E-Commerce Management,Wellness,High,Brand Strategist,$80K-$200K
E-Commerce Management,Health,High,Data Analyst,$70K-$180K
Cybersecurity,Finance,Low,Leadership Consultant,$80K-$200K
AI & Automation,Finance,Low,Brand Strategist,$70K-$180K
Leadership Development,Education,Medium,Leadership Consultant,$70K-$180K
Data Science,Wellness,Low,Data Analyst,$80K-$200K
E-Commerce Management,Education,Low,Amazon Seller,$50K-$120K
Data Science,Social Impact,High,Security Analyst,$80K-$200K
Leadership Development,Education,Low,Brand Strategist,$70K-$180K
Data Science,E-Commerce,High,Therapist,$80K-$200K
Cybersecurity,Business,Medium,Product Designer,$60K-$150K
Data Science,Tech,High,Product Designer,$80K-$200K
AI & Automation,Business,Low,Brand Strategist,$80K-$200K
Data Science,Wellness,Medium,Security Analyst,$60K-$150K
Data Science,E-Commerce,High,Amazon Seller,$50K-$120K
E-Commerce Management,Finance,Low,Security Analyst,$50K-$120K
Leadership Development,Education,Low,Therapist,$50K-$120K
Cybersecurity,Finance,Medium,Data Analyst,$70K-$180K
Social Media Marketing,Social Impact,High,Amazon Seller,$60K-$150K
Mental Health Coaching,Health,Low,Security Analyst,$80K-$200K
Financial Analysis,Creative,High,Investment Advisor,$60K-$150K
UX/UI Design,Finance,Medium,Brand Strategist,$70K-$180K
AI & Automation,Education,High,Amazon Seller,$70K-$180K
Data Science,E-Commerce,High,Brand Strategist,$60K-$150K
Leadership Development,Social Impact,High,Security Analyst,$70K-$180K
Mental Health Coaching,Creative,Medium,Investment Advisor,$70K-$180K
Mental Health Coaching,Creative,High,AI Researcher,$60K-$150K
E-Commerce Management,E-Commerce,Low,Brand Strategist,$60K-$150K
Mental Health Coaching,Business,High,Data Analyst,$50K-$120K
Social Media Marketing,Tech,High,Investment Advisor,$70K-$180K
Cybersecurity,E-Commerce,Medium,AI Researcher,$50K-$120K
UX/UI Design,Social Impact,Medium,AI Researcher,$50K-$120K
UX/UI Design,Business,Medium,AI Researcher,$60K-$150K
UX/UI Design,Education,High,Investment Advisor,$80K-$200K
Mental Health Coaching,Creative,Medium,Security Analyst,$60K-$150K
Leadership Development,Wellness,Medium,Brand Strategist,$60K-$150K
E-Commerce Management,Education,High,Leadership Consultant,$70K-$180K
Data Science,Finance,High,Security Analyst,$70K-$180K
Financial Analysis,Social Impact,High,Brand Strategist,$70K-$180K
E-Commerce Management,Finance,Low,Product Designer,$60K-$150K
Cybersecurity,Business,Medium,Investment Advisor,$70K-$180K
Financial Analysis,Tech,Medium,Amazon Seller,$80K-$200K
AI & Automation,E-Commerce,Low,Product Designer,$80K-$200K
E-Commerce Management,Health,Medium,Leadership Consultant,$70K-$180K
Data Science,Education,Low,Amazon Seller,$80K-$200K
AI & Automation,Finance,Low,Leadership Consultant,$50K-$120K
UX/UI Design,Health,High,AI Researcher,$80K-$200K
Leadership Development,Creative,Low,Data Analyst,$80K-$200K
Mental Health Coaching,Creative,High,AI Researcher,$50K-$120K
Cybersecurity,Wellness,High,Therapist,$80K-$200K
AI & Automation,Social Impact,High,Leadership Consultant,$60K-$150K
Data Science,E-Commerce,Medium,Leadership Consultant,$70K-$180K
E-Commerce Management,Education,Medium,Investment Advisor,$50K-$120K
Data Science,Wellness,High,Therapist,$60K-$150K
Leadership Development,Wellness,Medium,Security Analyst,$60K-$150K
AI & Automation,Finance,High,Therapist,$70K-$180K
E-Commerce Management,Health,Low,Amazon Seller,$80K-$200K
UX/UI Design,Finance,High,Data Analyst,$50K-$120K
E-Commerce Management,Tech,High,Leadership Consultant,$60K-$150K
Financial Analysis,Education,Low,Brand Strategist,$70K-$180K
Mental Health Coaching,Health,Medium,Investment Advisor,$50K-$120K
AI & Automation,Health,Low,Investment Advisor,$80K-$200K
Cybersecurity,Business,Low,Product Designer,$50K-$120K
Cybersecurity,Wellness,Medium,Therapist,$70K-$180K
Data Science,Education,Medium,AI Researcher,$70K-$180K
Data Science,Education,Medium,Data Analyst,$80K-$200K
E-Commerce Management,Health,High,Data Analyst,$50K-$120K
Leadership Development,Finance,Medium,Investment Advisor,$50K-$120K
Mental Health Coaching,Wellness,Low,Brand Strategist,$60K-$150K
Cybersecurity,Tech,High,Brand Strategist,$50K-$120K
AI & Automation,Tech,High,Data Analyst,$60K-$150K
Data Science,Wellness,Medium,Investment Advisor,$70K-$180K
Cybersecurity,Finance,Low,AI Researcher,$70K-$180K
Cybersecurity,Social Impact,Low,Security Analyst,$60K-$150K
Cybersecurity,Social Impact,Low,Amazon Seller,$80K-$200K
Data Science,Creative,Medium,Therapist,$70K-$180K
E-Commerce Management,E-Commerce,High,Therapist,$70K-$180K
UX/UI Design,Wellness,Low,Security Analyst,$60K-$150K
AI & Automation,Social Impact,High,Data Analyst,$60K-$150K
Mental Health Coaching,E-Commerce,Low,Leadership Consultant,$80K-$200K
Social Media Marketing,Health,High,Product Designer,$70K-$180K
Financial Analysis,Wellness,High,Brand Strategist,$60K-$150K
Cybersecurity,Social Impact,Low,Data Analyst,$60K-$150K
Leadership Development,Social Impact,High,Data Analyst,$60K-$150K
AI & Automation,Creative,High,Security Analyst,$60K-$150K
Cybersecurity,Wellness,Low,Data Analyst,$60K-$150K
AI & Automation,Finance,Medium,Data Analyst,$80K-$200K
AI & Automation,Business,Medium,Amazon Seller,$80K-$200K
UX/UI Design,Tech,Low,Security Analyst,$50K-$120K
UX/UI Design,Education,Low,Investment Advisor,$80K-$200K
Data Science,Business,High,Leadership Consultant,$80K-$200K
Mental Health Coaching,Wellness,Low,Product Designer,$60K-$150K
Social Media Marketing,Creative,Medium,Amazon Seller,$70K-$180K
Financial Analysis,Health,Low,Brand Strategist,$60K-$150K
AI & Automation,Business,Medium,Data Analyst,$60K-$150K
Leadership Development,Tech,Medium,Brand Strategist,$80K-$200K
Financial Analysis,Tech,High,AI Researcher,$50K-$120K
UX/UI Design,Creative,Medium,Therapist,$70K-$180K
AI & Automation,E-Commerce,High,Therapist,$50K-$120K
AI & Automation,Social Impact,High,AI Researcher,$60K-$150K
AI & Automation,Social Impact,Low,Data Analyst,$80K-$200K
E-Commerce Management,Wellness,Low,Amazon Seller,$80K-$200K
Social Media Marketing,Tech,Medium,Amazon Seller,$70K-$180K
Financial Analysis,Finance,Low,Therapist,$60K-$150K
Financial Analysis,Social Impact,High,Security Analyst,$80K-$200K
Leadership Development,Education,Medium,Security Analyst,$60K-$150K
Mental Health Coaching,Creative,Medium,AI Researcher,$50K-$120K
E-Commerce Management,Tech,Low,Leadership Consultant,$60K-$150K
Leadership Development,Education,Low,Data Analyst,$80K-$200K
E-Commerce Management,Education,Medium,Product Designer,$50K-$120K
Data Science,Tech,High,Therapist,$50K-$120K
Financial Analysis,Creative,Low,Therapist,$50K-$120K
Cybersecurity,Tech,Low,AI Researcher,$80K-$200K
Mental Health Coaching,Wellness,High,Security Analyst,$70K-$180K
Leadership Development,Social Impact,Medium,Amazon Seller,$80K-$200K
E-Commerce Management,Social Impact,Medium,Data Analyst,$80K-$200K
AI & Automation,Education,High,Investment Advisor,$50K-$120K
Cybersecurity,Business,Low,Product Designer,$60K-$150K
Financial Analysis,Business,Low,Brand Strategist,$80K-$200K
AI & Automation,Social Impact,High,Amazon Seller,$60K-$150K
Mental Health Coaching,Health,High,Amazon Seller,$50K-$120K
Data Science,Social Impact,Low,Brand Strategist,$70K-$180K
Data Science,Creative,Low,Investment Advisor,$70K-$180K
Cybersecurity,Wellness,High,AI Researcher,$70K-$180K
Mental Health Coaching,E-Commerce,Low,Brand Strategist,$70K-$180K
UX/UI Design,E-Commerce,High,AI Researcher,$50K-$120K
Social Media Marketing,Business,Low,Product Designer,$80K-$200K
Data Science,Business,Low,Brand Strategist,$60K-$150K
Mental Health Coaching,Health,Medium,Security Analyst,$50K-$120K
Cybersecurity,Tech,Medium,Security Analyst,$80K-$200K
E-Commerce Management,Health,Medium,Amazon Seller,$60K-$150K
Mental Health Coaching,Business,Low,Leadership Consultant,$70K-$180K
Mental Health Coaching,Creative,Medium,Investment Advisor,$80K-$200K
UX/UI Design,Business,Medium,Product Designer,$70K-$180K
Cybersecurity,Social Impact,Medium,Brand Strategist,$50K-$120K
Mental Health Coaching,Education,Medium,Leadership Consultant,$60K-$150K
AI & Automation,Tech,Low,Therapist,$60K-$150K
AI & Automation,Creative,Medium,Security Analyst,$70K-$180K
Leadership Development,Education,Low,Amazon Seller,$80K-$200K
UX/UI Design,Finance,High,Security Analyst,$80K-$200K
Cybersecurity,E-Commerce,Medium,Product Designer,$80K-$200K
Financial Analysis,Creative,High,Investment Advisor,$80K-$200K
E-Commerce Management,Education,Low,Brand Strategist,$70K-$180K
UX/UI Design,Finance,Low,Leadership Consultant,$70K-$180K
Data Science,Education,Medium,Security Analyst,$50K-$120K
Financial Analysis,Wellness,High,Leadership Consultant,$50K-$120K
Cybersecurity,E-Commerce,Low,Therapist,$50K-$120K
E-Commerce Management,Social Impact,High,Product Designer,$70K-$180K
UX/UI Design,Social Impact,Medium,Investment Advisor,$70K-$180K
AI & Automation,Social Impact,Medium,Product Designer,$70K-$180K
Cybersecurity,Business,Low,Therapist,$60K-$150K
Social Media Marketing,Education,High,Security Analyst,$70K-$180K
E-Commerce Management,E-Commerce,High,Leadership Consultant,$60K-$150K
Financial Analysis,Finance,Medium,Investment Advisor,$50K-$120K
AI & Automation,Tech,Low,Security Analyst,$50K-$120K
AI & Automation,Education,Medium,AI Researcher,$70K-$180K
Cybersecurity,E-Commerce,High,Investment Advisor,$80K-$200K
Leadership Development,Business,Medium,Data Analyst,$50K-$120K
Financial Analysis,Social Impact,High,Security Analyst,$50K-$120K
AI & Automation,Education,Medium,Security Analyst,$70K-$180K
UX/UI Design,Finance,High,Product Designer,$80K-$200K
E-Commerce Management,Creative,High,Product Designer,$70K-$180K
Mental Health Coaching,Business,Medium,Leadership Consultant,$80K-$200K
Mental Health Coaching,Finance,Medium,Therapist,$70K-$180K
AI & Automation,Creative,High,Leadership Consultant,$60K-$150K
E-Commerce Management,Education,High,AI Researcher,$50K-$120K
Cybersecurity,E-Commerce,High,Leadership Consultant,$50K-$120K
AI & Automation,Creative,Low,AI Researcher,$70K-$180K
E-Commerce Management,Health,High,AI Researcher,$80K-$200K
Cybersecurity,Social Impact,High,Therapist,$60K-$150K
Leadership Development,Tech,Medium,Therapist,$70K-$180K
Leadership Development,E-Commerce,High,Therapist,$60K-$150K
AI & Automation,Education,Low,Amazon Seller,$60K-$150K
Cybersecurity,Finance,Low,Amazon Seller,$70K-$180K
Data Science,Finance,High,AI Researcher,$70K-$180K
E-Commerce Management,Social Impact,Low,Therapist,$70K-$180K
Financial Analysis,Finance,High,Brand Strategist,$50K-$120K
UX/UI Design,Creative,Medium,Leadership Consultant,$80K-$200K
Mental Health Coaching,Finance,Medium,Data Analyst,$50K-$120K
AI & Automation,Creative,High,Product Designer,$50K-$120K
Data Science,Education,Medium,Amazon Seller,$70K-$180K
Financial Analysis,Wellness,Medium,Data Analyst,$60K-$150K
E-Commerce Management,E-Commerce,High,AI Researcher,$70K-$180K
Social Media Marketing,Creative,Medium,Brand Strategist,$70K-$180K
Cybersecurity,Education,Medium,Data Analyst,$80K-$200K
UX/UI Design,Business,High,Brand Strategist,$70K-$180K
E-Commerce Management,Finance,Medium,Security Analyst,$70K-$180K
Social Media Marketing,Business,High,Security Analyst,$80K-$200K
UX/UI Design,Social Impact,High,Investment Advisor,$70K-$180K
Leadership Development,Finance,Medium,Amazon Seller,$70K-$180K
Cybersecurity,Creative,Medium,Therapist,$80K-$200K
AI & Automation,Creative,High,AI Researcher,$60K-$150K
AI & Automation,Business,High,Brand Strategist,$80K-$200K
Leadership Development,Business,High,Security Analyst,$70K-$180K
Cybersecurity,Creative,High,Investment Advisor,$60K-$150K
Cybersecurity,Health,High,Amazon Seller,$70K-$180K
E-Commerce Management,Business,Low,Leadership Consultant,$70K-$180K
UX/UI Design,Education,High,Brand Strategist,$80K-$200K
Financial Analysis,Social Impact,Low,Investment Advisor,$70K-$180K
Mental Health Coaching,Education,Low,Security Analyst,$70K-$180K
Data Science,Tech,High,Data Analyst,$50K-$120K
E-Commerce Management,Business,High,Amazon Seller,$70K-$180K
Cybersecurity,Education,High,Security Analyst,$50K-$120K
Social Media Marketing,Finance,Low,AI Researcher,$60K-$150K
Data Science,Education,Low,Security Analyst,$70K-$180K
Data Science,Creative,Low,Security Analyst,$50K-$120K
Leadership Development,Health,Low,Investment Advisor,$60K-$150K
Social Media Marketing,Social Impact,High,Brand Strategist,$50K-$120K
E-Commerce Management,Creative,Low,Security Analyst,$60K-$150K
UX/UI Design,Wellness,High,Investment Advisor,$50K-$120K
E-Commerce Management,Tech,High,Data Analyst,$70K-$180K
Data Science,Finance,Medium,Security Analyst,$80K-$200K
Leadership Development,Creative,Medium,Brand Strategist,$80K-$200K
Data Science,Business,High,Amazon Seller,$80K-$200K
Financial Analysis,Creative,High,Investment Advisor,$60K-$150K
Leadership Development,Tech,High,Investment Advisor,$60K-$150K
AI & Automation,Finance,Medium,Investment Advisor,$80K-$200K
AI & Automation,Health,Low,Data Analyst,$60K-$150K
UX/UI Design,Tech,Medium,Security Analyst,$50K-$120K
Social Media Marketing,Health,High,Therapist,$70K-$180K
Social Media Marketing,E-Commerce,Low,Therapist,$60K-$150K
Data Science,Education,High,Security Analyst,$70K-$180K
AI & Automation,Tech,Medium,Investment Advisor,$70K-$180K
Cybersecurity,E-Commerce,Medium,Leadership Consultant,$70K-$180K
Mental Health Coaching,Creative,Medium,Investment Advisor,$60K-$150K
Data Science,Business,Low,Leadership Consultant,$80K-$200K
Leadership Development,Education,High,Leadership Consultant,$60K-$150K
Data Science,Wellness,Medium,Therapist,$70K-$180K
UX/UI Design,Health,Medium,Data Analyst,$50K-$120K
AI & Automation,Business,Low,Investment Advisor,$60K-$150K
Social Media Marketing,Tech,Low,Brand Strategist,$60K-$150K
Leadership Development,Business,Low,Data Analyst,$80K-$200K
Data Science,Tech,High,Security Analyst,$80K-$200K
Mental Health Coaching,Education,Low,Security Analyst,$80K-$200K
Mental Health Coaching,Health,High,Product Designer,$60K-$150K
AI & Automation,Finance,Low,Investment Advisor,$70K-$180K
Cybersecurity,Creative,Medium,Therapist,$80K-$200K
Mental Health Coaching,E-Commerce,Low,Therapist,$70K-$180K
Data Science,Creative,Medium,AI Researcher,$80K-$200K
UX/UI Design,Education,Low,Amazon Seller,$50K-$120K
Social Media Marketing,Creative,Low,Data Analyst,$50K-$120K
Cybersecurity,Finance,High,Data Analyst,$50K-$120K
AI & Automation,Wellness,Medium,Therapist,$50K-$120K
Cybersecurity,Creative,Medium,Product Designer,$70K-$180K
Social Media Marketing,Business,Low,AI Researcher,$50K-$120K
Leadership Development,Tech,Medium,AI Researcher,$70K-$180K
UX/UI Design,Business,Low,Product Designer,$50K-$120K
E-Commerce Management,Tech,Medium,Leadership Consultant,$70K-$180K
Social Media Marketing,Health,High,Therapist,$80K-$200K
Financial Analysis,Education,Low,Data Analyst,$80K-$200K
UX/UI Design,Education,High,AI Researcher,$80K-$200K
AI & Automation,E-Commerce,Low,Therapist,$70K-$180K
E-Commerce Management,Health,Low,Amazon Seller,$50K-$120K
E-Commerce Management,E-Commerce,High,Brand Strategist,$60K-$150K
Cybersecurity,Education,Low,Investment Advisor,$80K-$200K
Social Media Marketing,Finance,Low,Therapist,$50K-$120K
AI & Automation,Wellness,Low,Amazon Seller,$70K-$180K
AI & Automation,Health,Low,Therapist,$70K-$180K
Leadership Development,Finance,Low,Brand Strategist,$50K-$120K
Leadership Development,Education,High,Product Designer,$70K-$180K
Leadership Development,Finance,High,Leadership Consultant,$50K-$120K
UX/UI Design,Wellness,Medium,Data Analyst,$60K-$150K
AI & Automation,Wellness,Medium,Leadership Consultant,$70K-$180K
AI & Automation,Finance,Medium,Therapist,$50K-$120K
Cybersecurity,Finance,Medium,Investment Advisor,$80K-$200K
AI & Automation,Business,Medium,Amazon Seller,$70K-$180K
Social Media Marketing,Wellness,Medium,Product Designer,$50K-$120K
Leadership Development,Education,Low,Product Designer,$60K-$150K
Data Science,Social Impact,Low,Therapist,$80K-$200K
UX/UI Design,E-Commerce,Medium,Product Designer,$50K-$120K
AI & Automation,Health,Low,Product Designer,$50K-$120K
Mental Health Coaching,E-Commerce,Medium,Data Analyst,$70K-$180K
Mental Health Coaching,Tech,Medium,Security Analyst,$60K-$150K
Leadership Development,Tech,Medium,Amazon Seller,$60K-$150K
Data Science,Creative,High,Therapist,$50K-$120K
Mental Health Coaching,Education,Medium,Amazon Seller,$50K-$120K
AI & Automation,Health,Low,Investment Advisor,$70K-$180K
Social Media Marketing,Business,Low,Investment Advisor,$70K-$180K
Mental Health Coaching,Business,Medium,AI Researcher,$70K-$180K
Cybersecurity,Wellness,Low,Leadership Consultant,$80K-$200K
Social Media Marketing,E-Commerce,Low,Product Designer,$80K-$200K
Financial Analysis,E-Commerce,Medium,AI Researcher,$50K-$120K
AI & Automation,Finance,Low,Product Designer,$50K-$120K
UX/UI Design,Tech,High,Therapist,$50K-$120K
Financial Analysis,Finance,Medium,Leadership Consultant,$60K-$150K
E-Commerce Management,Health,Low,Amazon Seller,$60K-$150K
Financial Analysis,Education,Medium,Investment Advisor,$50K-$120K
AI & Automation,Social Impact,Medium,Investment Advisor,$70K-$180K
E-Commerce Management,Creative,Low,Leadership Consultant,$60K-$150K
Mental Health Coaching,E-Commerce,High,Investment Advisor,$60K-$150K
AI & Automation,Tech,High,Therapist,$80K-$200K
Financial Analysis,Wellness,High,Product Designer,$60K-$150K
Financial Analysis,Wellness,Medium,Investment Advisor,$70K-$180K
E-Commerce Management,Wellness,High,Investment Advisor,$60K-$150K
Cybersecurity,Wellness,Medium,AI Researcher,$70K-$180K
Cybersecurity,Business,High,Brand Strategist,$60K-$150K
Cybersecurity,Wellness,Medium,Product Designer,$70K-$180K
E-Commerce Management,Wellness,High,Brand Strategist,$50K-$120K
UX/UI Design,Wellness,High,Data Analyst,$60K-$150K
E-Commerce Management,Health,High,Security Analyst,$70K-$180K
E-Commerce Management,Education,Low,AI Researcher,$60K-$150K
Cooking,Food,High,"Chef, Restaurant Owner",Low
Baking,Food,Medium,"Pastry Chef, Bakery Owner",Medium
Painting,Arts,Low,"Artist, Art Teacher",High
Calligraphy,Design,Emerging,"Calligraphy Instructor, Sign Maker",Very High
Photography,Media,Niche Market,"Photographer, Content Creator",Freelance Earnings
Music,Entertainment,High,"Musician, Songwriter",Low
Dance,Entertainment,Medium,"Dancer, Choreographer",Medium
Handmade Crafts,Crafts,Low,"Craft Store Owner, Etsy Seller",High
Fashion Designing,Fashion,Emerging,"Fashion Designer, Textile Artist",Very High
Digital Marketing,Marketing,Niche Market,"SEO Specialist, PPC Manager",Freelance Earnings
Content Writing,Publishing,High,"Freelance Writer, Copywriter",Low
Graphic Design,Design,Medium,"Graphic Designer, Illustrator",Medium
Social Media Management,Marketing,Low,"Social Media Manager, Content Strategist",High
Yoga,Health & Wellness,Emerging,"Yoga Instructor, Wellness Coach",Very High
Personal Training,Fitness,Niche Market,"Gym Trainer, Strength Coach",Freelance Earnings
Pet Grooming,Pet Care,High,"Pet Groomer, Animal Trainer",Low
Organic Farming,Agriculture,Medium,"Organic Farmer, Sustainable Agriculture Specialist",Medium
Mental Health Counseling,Healthcare,Low,"Therapist, Life Coach",High
Career Coaching,Career Services,Emerging,"Career Consultant, Resume Writer",Very High
Podcasting,Media,Niche Market,"Podcast Host, Audio Engineer",Freelance Earnings
E-commerce,Retail,High,"Online Store Owner, Dropshipper",Low
3D Printing,Technology,Medium,"3D Printing Engineer, Prototyping Specialist",Medium
AI Content Creation,Technology,Low,"AI Writer, Automated Content Creator",High
Freelance Video Editing,Entertainment,Emerging,"Film Editor, YouTube Video Editor",Very High
Blockchain & NFTs,Tech & Finance,Niche Market,"Blockchain Developer, NFT Artist",Freelance Earnings
